iso-3,1960,1965,1966,1967,1968,1969,1970,1971,1972,1973,1974,1975,1976,1977,1978,1979,1980,1981,1982,1983,1984,1985,1986,1987,1988,1989,1990,1991,1992,1993,1994,1995,1996,1997,1998,1999,2000,2001,2002,2003,2004,2005,2006,2007,2008,2009,2010,2011,2012,2013,2014,2015,2016,2017,2018,2019
ABW,0.0,0.0,0.0,0.0,0.0,0.0,0.0,0.0,0.0,0.0,0.0,0.0,0.0,0.0,0.0,0.0,0.0,0.0,0.0,0.0,0.0,0.0,0.0,0.0,0.0,0.0,0.0,0.0,20.0,586.6666666666666,1153.3333333333333,1720.0,3000.0,3400.0,5380.0,12000.0,15000.0,53000.0,61800.0,70000.0,98400.0,103000.0,109000.0,114000.0,121000.0,128000.0,132000.0,133500.0,135000.0,139000.0,140000.0,141000.0,141000.0,141000.0,141000.0,141000.0
AFG,0.0,0.0,0.0,0.0,0.0,0.0,0.0,0.0,0.0,0.0,0.0,0.0,0.0,0.0,0.0,0.0,0.0,0.0,0.0,0.0,0.0,0.0,0.0,0.0,0.0,0.0,0.0,0.0,0.0,0.0,0.0,0.0,0.0,0.0,0.0,0.0,0.0,0.0,25000.0,200000.0,600000.0,1200000.0,2520000.0,4670000.0,7900000.0,10500000.0,10200000.0,13800000.0,15300000.0,16800000.0,18400000.0,19700000.0,21600000.0,23900000.0,22000000.0,22600000.0
AGO,0.0,0.0,0.0,0.0,0.0,0.0,0.0,0.0,0.0,0.0,0.0,0.0,0.0,0.0,0.0,0.0,0.0,0.0,0.0,0.0,0.0,0.0,0.0,0.0,0.0,0.0,0.0,0.0,0.0,1100.0,1820.0,1990.0,3300.0,7050.0,9820.0,24000.0,25800.0,75000.0,140000.0,350000.0,740000.0,1610000.0,3050000.0,4960000.0,6770000.0,8110000.0,9400000.0,12100000.0,12800000.0,13300000.0,14100000.0,13900000.0,13000000.0,13300000.0,13300000.0,14800000.0
ALB,0.0,0.0,0.0,0.0,0.0,0.0,0.0,0.0,0.0,0.0,0.0,0.0,0.0,0.0,0.0,0.0,0.0,0.0,0.0,0.0,0.0,0.0,0.0,0.0,0.0,0.0,0.0,0.0,0.0,0.0,0.0,0.0,2300.0,3300.0,5600.0,11000.0,29800.0,393000.0,851000.0,1100000.0,1260000.0,1530000.0,1910000.0,2320000.0,1860000.0,2460000.0,2690000.0,3100000.0,3500000.0,3690000.0,3360000.0,3400000.0,3370000.0,3630000.0,2710000.0,2630000.0
AND,0.0,0.0,0.0,0.0,0.0,0.0,0.0,0.0,0.0,0.0,0.0,0.0,0.0,0.0,0.0,0.0,0.0,0.0,0.0,0.0,0.0,0.0,0.0,0.0,0.0,0.0,0.0,0.0,770.0,780.0,784.0,2830.0,5490.0,8620.0,14100.0,20600.0,23500.0,29400.0,32800.0,51900.0,58400.0,64600.0,69000.0,63500.0,64200.0,64500.0,65500.0,65000.0,63900.0,63900.0,66200.0,71300.0,76100.0,80300.0,82600.0,87900.0
ARE,0.0,0.0,0.0,0.0,0.0,0.0,0.0,0.0,0.0,0.0,0.0,0.0,0.0,0.0,0.0,0.0,776.6666666666666,1553.3333333333333,2330.0,3560.0,4940.0,7920.0,11200.0,13700.0,13800.0,24900.0,33600.0,43000.0,48900.0,70600.0,91500.0,129000.0,194000.0,309000.0,493000.0,832000.0,1430000.0,1910000.0,2430000.0,2970000.0,3680000.0,4530000.0,5520000.0,7730000.0,9360000.0,10700000.0,10900000.0,11700000.0,13800000.0,16100000.0,16800000.0,17900000.0,19900000.0,19800000.0,20100000.0,19600000.0
ARG,0.0,0.0,0.0,0.0,0.0,0.0,0.0,0.0,0.0,0.0,0.0,0.0,0.0,0.0,0.0,0.0,0.0,0.0,0.0,0.0,0.0,0.0,0.0,0.0,0.0,2300.0,12000.0,25000.0,46600.0,112000.0,241000.0,405000.0,667000.0,2010000.0,2670000.0,3850000.0,6490000.0,6740000.0,6570000.0,7840000.0,13500000.0,22200000.0,31500000.0,40400000.0,46500000.0,52500000.0,57100000.0,60700000.0,64300000.0,67400000.0,61200000.0,61800000.0,63700000.0,61900000.0,58600000.0,58600000.0
ARM,0.0,0.0,0.0,0.0,0.0,0.0,0.0,0.0,0.0,0.0,0.0,0.0,0.0,0.0,0.0,0.0,0.0,0.0,0.0,0.0,0.0,0.0,0.0,0.0,0.0,0.0,0.0,0.0,0.0,0.0,0.0,0.0,300.0,5000.0,7830.0,8160.0,17500.0,25500.0,71300.0,114000.0,203000.0,318000.0,1260000.0,1880000.0,1440000.0,2190000.0,3870000.0,3210000.0,3320000.0,3350000.0,3460000.0,3460000.0,3430000.0,3490000.0,3580000.0,3620000.0
ASM,0.0,0.0,0.0,0.0,0.0,0.0,0.0,0.0,0.0,0.0,0.0,0.0,0.0,0.0,0.0,0.0,0.0,0.0,0.0,0.0,0.0,0.0,0.0,0.0,0.0,0.0,0.0,0.0,700.0,900.0,1200.0,1250.0,1300.0,1400.0,1500.0,1800.0,1990.0,2160.0,2040.0,2100.0,2250.0,2250.0,2250.0,2250.0,2250.0,2250.0,2250.0,2250.0,2250.0,2250.0,2250.0,2250.0,2250.0,2250.0,2250.0,2250.0
ATG,0.0,0.0,0.0,0.0,0.0,0.0,0.0,0.0,0.0,0.0,0.0,0.0,0.0,0.0,0.0,0.0,0.0,0.0,0.0,0.0,0.0,0.0,0.0,0.0,0.0,0.0,0.0,216.66666666666666,433.3333333333333,650.0,866.6666666666666,1083.3333333333333,1300.0,1400.0,1500.0,8500.0,22000.0,25000.0,38200.0,46100.0,54000.0,86000.0,110000.0,112000.0,137000.0,135000.0,168000.0,176000.0,127000.0,114000.0,120000.0,176000.0,180000.0,184000.0,184000.0,184000.0
AUS,0.0,0.0,0.0,0.0,0.0,0.0,0.0,0.0,0.0,0.0,0.0,0.0,0.0,0.0,0.0,0.0,0.0,0.0,0.0,0.0,0.0,0.0,0.0,4420.0,31600.0,94500.0,185000.0,291000.0,497000.0,690000.0,1220000.0,2240000.0,3990000.0,4580000.0,4920000.0,6320000.0,8560000.0,11100000.0,12700000.0,14300000.0,16500000.0,18400000.0,19800000.0,21300000.0,22100000.0,22200000.0,22500000.0,23800000.0,24300000.0,24900000.0,25100000.0,25800000.0,26600000.0,26700000.0,27600000.0,27900000.0
AUT,0.0,0.0,0.0,0.0,0.0,0.0,0.0,0.0,0.0,0.0,0.0,0.0,0.0,0.0,0.0,0.0,0.0,0.0,0.0,0.0,0.0,9760.0,19100.0,26200.0,36900.0,50700.0,73700.0,115000.0,172000.0,221000.0,278000.0,384000.0,599000.0,1160000.0,2290000.0,4250000.0,6120000.0,6540000.0,6740000.0,7270000.0,7990000.0,8660000.0,9280000.0,9910000.0,10800000.0,11400000.0,12200000.0,13000000.0,13600000.0,13300000.0,13000000.0,13500000.0,11100000.0,10900000.0,11000000.0,10700000.0
AZE,0.0,0.0,0.0,0.0,0.0,0.0,0.0,0.0,0.0,0.0,0.0,0.0,0.0,0.0,0.0,0.0,0.0,0.0,0.0,0.0,0.0,0.0,0.0,0.0,0.0,0.0,0.0,0.0,0.0,0.0,500.0,6000.0,17000.0,40000.0,65000.0,370000.0,420000.0,730000.0,794000.0,1060000.0,1460000.0,2240000.0,3320000.0,4520000.0,6550000.0,7760000.0,9100000.0,10100000.0,10100000.0,10100000.0,10600000.0,10700000.0,10200000.0,10100000.0,10300000.0,10800000.0
BDI,0.0,0.0,0.0,0.0,0.0,0.0,0.0,0.0,0.0,0.0,0.0,0.0,0.0,0.0,0.0,0.0,0.0,0.0,0.0,0.0,0.0,0.0,0.0,0.0,0.0,0.0,0.0,0.0,0.0,353.0,378.0,564.0,561.0,619.0,620.0,800.0,16300.0,33400.0,52000.0,64000.0,101000.0,153000.0,200000.0,270000.0,481000.0,921000.0,1680000.0,1910000.0,2250000.0,2540000.0,3190000.0,5000000.0,5360000.0,5920000.0,6320000.0,6640000.0
BEL,0.0,0.0,0.0,0.0,0.0,0.0,0.0,0.0,0.0,0.0,0.0,0.0,0.0,0.0,0.0,0.0,0.0,0.0,0.0,0.0,0.0,0.0,3800.0,7220.0,19200.0,30800.0,42900.0,51400.0,61500.0,67800.0,128000.0,235000.0,478000.0,974000.0,1760000.0,3190000.0,5630000.0,7700000.0,8100000.0,8610000.0,9130000.0,9600000.0,9850000.0,10700000.0,11300000.0,11800000.0,12200000.0,12500000.0,12300000.0,12300000.0,12700000.0,12800000.0,12600000.0,11400000.0,11400000.0,11500000.0
BEN,0.0,0.0,0.0,0.0,0.0,0.0,0.0,0.0,0.0,0.0,0.0,0.0,0.0,0.0,0.0,0.0,0.0,0.0,0.0,0.0,0.0,0.0,0.0,0.0,0.0,0.0,0.0,0.0,0.0,0.0,0.0,1050.0,2710.0,4300.0,6290.0,7270.0,55500.0,125000.0,219000.0,236000.0,459000.0,596000.0,1060000.0,2050000.0,3630000.0,5030000.0,7070000.0,7770000.0,8410000.0,9630000.0,8660000.0,9320000.0,8890000.0,8770000.0,9460000.0,10300000.0
BFA,0.0,0.0,0.0,0.0,0.0,0.0,0.0,0.0,0.0,0.0,0.0,0.0,0.0,0.0,0.0,0.0,0.0,0.0,0.0,0.0,0.0,0.0,0.0,0.0,0.0,0.0,0.0,0.0,0.0,0.0,0.0,0.0,525.0,1500.0,2730.0,5040.0,25200.0,76200.0,111000.0,238000.0,396000.0,634000.0,1020000.0,1860000.0,3020000.0,3820000.0,5710000.0,7680000.0,9980000.0,11200000.0,12500000.0,14400000.0,15400000.0,17900000.0,19300000.0,20400000.0
BGD,0.0,0.0,0.0,0.0,0.0,0.0,0.0,0.0,0.0,0.0,0.0,0.0,0.0,0.0,0.0,0.0,0.0,0.0,0.0,0.0,0.0,0.0,0.0,0.0,0.0,0.0,0.0,0.0,250.0,500.0,1100.0,2500.0,4000.0,26000.0,75000.0,149000.0,279000.0,520000.0,1070000.0,1360000.0,2780000.0,9000000.0,19100000.0,34400000.0,44600000.0,51400000.0,67900000.0,84400000.0,97200000.0,117000000.0,127000000.0,131000000.0,136000000.0,151000000.0,162000000.0,166000000.0
BGR,0.0,0.0,0.0,0.0,0.0,0.0,0.0,0.0,0.0,0.0,0.0,0.0,0.0,0.0,0.0,0.0,0.0,0.0,0.0,0.0,0.0,0.0,0.0,0.0,0.0,0.0,0.0,0.0,0.0,1000.0,6500.0,20900.0,26600.0,70000.0,127000.0,350000.0,738000.0,1550000.0,2600000.0,3500000.0,4730000.0,6240000.0,8250000.0,9900000.0,10400000.0,10500000.0,10200000.0,10500000.0,10800000.0,10500000.0,9490000.0,9190000.0,8970000.0,8530000.0,8390000.0,8130000.0
BHR,0.0,0.0,0.0,0.0,0.0,0.0,0.0,0.0,0.0,0.0,0.0,0.0,0.0,0.0,0.0,0.0,0.0,0.0,0.0,0.0,0.0,0.0,618.0,1710.0,2890.0,4250.0,5150.0,7350.0,9680.0,11400.0,17600.0,27600.0,40100.0,58500.0,92100.0,133000.0,206000.0,300000.0,389000.0,443000.0,650000.0,767000.0,907000.0,1120000.0,1440000.0,1400000.0,1570000.0,1690000.0,2120000.0,2210000.0,2330000.0,2520000.0,2990000.0,2360000.0,2090000.0,1900000.0
BHS,0.0,0.0,0.0,0.0,0.0,0.0,0.0,0.0,0.0,0.0,0.0,0.0,0.0,0.0,0.0,0.0,0.0,0.0,0.0,0.0,0.0,0.0,0.0,0.0,0.0,0.0,1920.0,2020.0,2600.0,2400.0,3250.0,4100.0,4950.0,6200.0,8070.0,15900.0,31500.0,60600.0,122000.0,122000.0,186000.0,228000.0,253000.0,374000.0,358000.0,359000.0,428000.0,299000.0,300000.0,287000.0,315000.0,311000.0,360000.0,354000.0,389000.0,426000.0
BIH,0.0,0.0,0.0,0.0,0.0,0.0,0.0,0.0,0.0,0.0,0.0,0.0,0.0,0.0,0.0,0.0,0.0,0.0,0.0,0.0,0.0,0.0,0.0,0.0,0.0,0.0,0.0,0.0,0.0,0.0,0.0,0.0,1500.0,9000.0,25200.0,52600.0,93400.0,445000.0,749000.0,1070000.0,1410000.0,1590000.0,1890000.0,2450000.0,3180000.0,3260000.0,3110000.0,3170000.0,3360000.0,3490000.0,3490000.0,3440000.0,3400000.0,3440000.0,3460000.0,3690000.0
BLR,0.0,0.0,0.0,0.0,0.0,0.0,0.0,0.0,0.0,0.0,0.0,0.0,0.0,0.0,0.0,0.0,0.0,0.0,0.0,0.0,0.0,0.0,0.0,0.0,0.0,0.0,0.0,0.0,0.0,324.0,1720.0,5900.0,6550.0,8170.0,12200.0,23500.0,49400.0,138000.0,463000.0,1120000.0,2240000.0,4100000.0,5960000.0,6960000.0,8130000.0,9690000.0,10300000.0,10700000.0,10700000.0,11100000.0,11400000.0,11400000.0,11400000.0,11400000.0,11600000.0,11600000.0
BLZ,0.0,0.0,0.0,0.0,0.0,0.0,0.0,0.0,0.0,0.0,0.0,0.0,0.0,0.0,0.0,0.0,0.0,0.0,0.0,0.0,0.0,0.0,0.0,0.0,0.0,0.0,0.0,0.0,0.0,400.0,832.0,1550.0,2180.0,2540.0,3540.0,6590.0,16800.0,39200.0,51700.0,60400.0,75000.0,96000.0,118000.0,118000.0,160000.0,162000.0,194000.0,222000.0,172000.0,175000.0,172000.0,212000.0,223000.0,239000.0,246000.0,255000.0
BMU,0.0,0.0,0.0,0.0,0.0,0.0,0.0,0.0,0.0,0.0,0.0,0.0,0.0,0.0,0.0,0.0,0.0,0.0,0.0,0.0,0.0,0.0,0.0,248.33333333333334,496.6666666666667,745.0,1110.0,1440.0,1940.0,3400.0,5130.0,6320.0,7980.0,10300.0,12600.0,12800.0,13000.0,13300.0,30000.0,40000.0,49000.0,52700.0,60100.0,69000.0,79000.0,85000.0,88200.0,89600.0,91000.0,94300.0,59500.0,38000.0,63900.0,65000.0,65000.0,65000.0
BOL,0.0,0.0,0.0,0.0,0.0,0.0,0.0,0.0,0.0,0.0,0.0,0.0,0.0,0.0,0.0,0.0,0.0,0.0,0.0,0.0,0.0,0.0,0.0,0.0,0.0,0.0,0.0,295.0,1550.0,2660.0,4060.0,7230.0,33400.0,118000.0,239000.0,420000.0,583000.0,780000.0,1020000.0,1280000.0,1800000.0,2420000.0,2880000.0,3250000.0,5040000.0,6460000.0,7180000.0,8350000.0,9490000.0,10400000.0,10500000.0,10200000.0,10100000.0,11000000.0,11400000.0,11400000.0
BRA,0.0,0.0,0.0,0.0,0.0,0.0,0.0,0.0,0.0,0.0,0.0,0.0,0.0,0.0,0.0,0.0,0.0,0.0,0.0,0.0,0.0,0.0,0.0,0.0,0.0,0.0,667.0,6700.0,32000.0,182000.0,574000.0,1290000.0,2500000.0,4550000.0,7370000.0,15000000.0,23200000.0,28700000.0,34900000.0,46400000.0,65600000.0,86200000.0,99900000.0,121000000.0,151000000.0,169000000.0,197000000.0,234000000.0,248000000.0,271000000.0,281000000.0,258000000.0,244000000.0,218000000.0,207000000.0,207000000.0
BRB,0.0,0.0,0.0,0.0,0.0,0.0,0.0,0.0,0.0,0.0,0.0,0.0,0.0,0.0,0.0,0.0,0.0,0.0,0.0,0.0,0.0,0.0,0.0,0.0,0.0,0.0,0.0,486.0,796.0,1560.0,2970.0,4610.0,6280.0,8010.0,12000.0,20300.0,28500.0,53100.0,97200.0,140000.0,200000.0,206000.0,237000.0,258000.0,289000.0,337000.0,350000.0,348000.0,349000.0,308000.0,305000.0,335000.0,332000.0,330000.0,329000.0,312000.0
BRN,0.0,0.0,0.0,0.0,0.0,0.0,0.0,0.0,0.0,0.0,0.0,0.0,0.0,0.0,0.0,0.0,0.0,0.0,0.0,0.0,0.0,0.0,0.0,0.0,0.0,885.0,1770.0,3030.0,4100.0,8300.0,15600.0,35900.0,43500.0,45000.0,49100.0,66000.0,95000.0,143000.0,154000.0,177000.0,202000.0,233000.0,301000.0,366000.0,399000.0,413000.0,435000.0,443000.0,470000.0,469000.0,452000.0,463000.0,523000.0,545000.0,566000.0,557000.0
BTN,0.0,0.0,0.0,0.0,0.0,0.0,0.0,0.0,0.0,0.0,0.0,0.0,0.0,0.0,0.0,0.0,0.0,0.0,0.0,0.0,0.0,0.0,0.0,0.0,0.0,0.0,0.0,0.0,0.0,0.0,0.0,0.0,0.0,0.0,0.0,0.0,0.0,0.0,0.0,2260.0,19100.0,36000.0,82100.0,149000.0,253000.0,339000.0,394000.0,484000.0,561000.0,544000.0,625000.0,676000.0,698000.0,731000.0,704000.0,729000.0
BWA,0.0,0.0,0.0,0.0,0.0,0.0,0.0,0.0,0.0,0.0,0.0,0.0,0.0,0.0,0.0,0.0,0.0,0.0,0.0,0.0,0.0,0.0,0.0,0.0,0.0,0.0,0.0,0.0,0.0,0.0,0.0,0.0,0.0,0.0,15200.0,92000.0,222000.0,332000.0,332000.0,445000.0,523000.0,564000.0,823000.0,1150000.0,1490000.0,1870000.0,2360000.0,2900000.0,3080000.0,3250000.0,3410000.0,3480000.0,3290000.0,3240000.0,3380000.0,4000000.0
CAF,0.0,0.0,0.0,0.0,0.0,0.0,0.0,0.0,0.0,0.0,0.0,0.0,0.0,0.0,0.0,0.0,0.0,0.0,0.0,0.0,0.0,0.0,0.0,0.0,0.0,0.0,0.0,0.0,0.0,0.0,0.0,44.0,1070.0,1370.0,1630.0,4160.0,4970.0,11000.0,12600.0,40000.0,60000.0,100000.0,110000.0,340000.0,570000.0,864000.0,979000.0,992000.0,1140000.0,1360000.0,1160000.0,1240000.0,1250000.0,1180000.0,1280000.0,1530000.0
CAN,0.0,0.0,0.0,0.0,0.0,0.0,0.0,0.0,0.0,0.0,0.0,0.0,0.0,0.0,0.0,0.0,0.0,0.0,0.0,0.0,0.0,12000.0,60000.0,98400.0,203000.0,345000.0,584000.0,776000.0,1030000.0,1330000.0,1870000.0,2590000.0,3500000.0,4200000.0,5350000.0,6910000.0,8730000.0,10600000.0,11900000.0,13300000.0,15000000.0,17000000.0,18700000.0,20300000.0,22100000.0,23800000.0,25800000.0,26800000.0,27700000.0,28400000.0,28800000.0,29800000.0,30800000.0,31700000.0,33200000.0,34600000.0
CHE,0.0,0.0,0.0,0.0,0.0,0.0,0.0,0.0,0.0,0.0,0.0,0.0,0.0,0.0,0.0,0.0,0.0,0.0,0.0,0.0,0.0,0.0,0.0,5480.0,30800.0,72700.0,125000.0,175000.0,215000.0,258000.0,332000.0,447000.0,663000.0,1040000.0,1700000.0,3060000.0,4640000.0,5280000.0,5740000.0,6190000.0,6270000.0,6830000.0,7440000.0,8210000.0,8900000.0,9320000.0,9640000.0,10100000.0,10600000.0,11000000.0,11200000.0,11200000.0,11200000.0,11100000.0,10800000.0,10900000.0
CHL,0.0,0.0,0.0,0.0,0.0,0.0,0.0,0.0,0.0,0.0,0.0,0.0,0.0,0.0,0.0,0.0,0.0,0.0,0.0,0.0,0.0,0.0,0.0,0.0,0.0,4890.0,13900.0,36100.0,64400.0,85200.0,116000.0,197000.0,319000.0,410000.0,964000.0,2260000.0,3400000.0,5100000.0,6240000.0,7270000.0,9260000.0,10600000.0,12500000.0,14000000.0,14800000.0,16500000.0,19900000.0,22300000.0,23900000.0,23700000.0,23700000.0,23200000.0,23300000.0,23000000.0,25200000.0,25100000.0
CHN,0.0,0.0,0.0,0.0,0.0,0.0,0.0,0.0,0.0,0.0,0.0,0.0,0.0,0.0,0.0,0.0,0.0,0.0,0.0,0.0,0.0,0.0,0.0,700.0,3230.0,9810.0,18300.0,47500.0,177000.0,638000.0,1570000.0,3630000.0,6850000.0,13200000.0,23900000.0,43300000.0,85300000.0,145000000.0,206000000.0,270000000.0,335000000.0,393000000.0,461000000.0,547000000.0,641000000.0,747000000.0,859000000.0,986000000.0,1110000000.0,1230000000.0,1290000000.0,1290000000.0,1360000000.0,1470000000.0,1650000000.0,1730000000.0
CIV,0.0,0.0,0.0,0.0,0.0,0.0,0.0,0.0,0.0,0.0,0.0,0.0,0.0,0.0,0.0,0.0,0.0,0.0,0.0,0.0,0.0,0.0,0.0,0.0,0.0,0.0,0.0,0.0,0.0,0.0,0.0,0.0,13500.0,36000.0,91200.0,257000.0,473000.0,729000.0,1030000.0,1280000.0,1670000.0,2350000.0,4070000.0,7470000.0,10400000.0,13200000.0,15600000.0,17300000.0,18100000.0,19400000.0,22100000.0,25400000.0,27500000.0,31700000.0,33800000.0,37400000.0
CMR,0.0,0.0,0.0,0.0,0.0,0.0,0.0,0.0,0.0,0.0,0.0,0.0,0.0,0.0,0.0,0.0,0.0,0.0,0.0,0.0,0.0,0.0,0.0,0.0,0.0,0.0,0.0,0.0,0.0,0.0,1600.0,2800.0,3500.0,4200.0,5000.0,6000.0,103000.0,417000.0,702000.0,1080000.0,1530000.0,2250000.0,3140000.0,4540000.0,6160000.0,8000000.0,8640000.0,10500000.0,13100000.0,15700000.0,17000000.0,18200000.0,18700000.0,20100000.0,18500000.0,21200000.0
COD,0.0,0.0,0.0,0.0,0.0,0.0,0.0,0.0,0.0,0.0,0.0,0.0,0.0,0.0,0.0,0.0,0.0,0.0,0.0,0.0,0.0,0.0,0.0,0.0,0.0,0.0,0.0,0.0,2125.0,4250.0,6375.0,8500.0,7200.0,8900.0,10000.0,12000.0,15000.0,150000.0,560000.0,1250000.0,1990000.0,2750000.0,4420000.0,6590000.0,9940000.0,9460000.0,11800000.0,15600000.0,20100000.0,28200000.0,37100000.0,37800000.0,28900000.0,35400000.0,36500000.0,37100000.0
COG,0.0,0.0,0.0,0.0,0.0,0.0,0.0,0.0,0.0,0.0,0.0,0.0,0.0,0.0,0.0,0.0,0.0,0.0,0.0,0.0,0.0,0.0,0.0,0.0,0.0,0.0,0.0,0.0,0.0,0.0,0.0,0.0,1000.0,2195.0,3390.0,5000.0,70000.0,150000.0,222000.0,330000.0,384000.0,558000.0,917000.0,1290000.0,1810000.0,2950000.0,3720000.0,3880000.0,4280000.0,4660000.0,4930000.0,5220000.0,5420000.0,5060000.0,5000000.0,5000000.0
COL,0.0,0.0,0.0,0.0,0.0,0.0,0.0,0.0,0.0,0.0,0.0,0.0,0.0,0.0,0.0,0.0,0.0,0.0,0.0,0.0,0.0,0.0,0.0,0.0,0.0,0.0,0.0,0.0,0.0,0.0,86800.0,275000.0,523000.0,1260000.0,1800000.0,1970000.0,2260000.0,3270000.0,4600000.0,6190000.0,10400000.0,21800000.0,29800000.0,33900000.0,41400000.0,42200000.0,44500000.0,46200000.0,49100000.0,50300000.0,55300000.0,57300000.0,58700000.0,62200000.0,64500000.0,66300000.0
COM,0.0,0.0,0.0,0.0,0.0,0.0,0.0,0.0,0.0,0.0,0.0,0.0,0.0,0.0,0.0,0.0,0.0,0.0,0.0,0.0,0.0,0.0,0.0,0.0,0.0,0.0,0.0,0.0,0.0,0.0,0.0,0.0,0.0,0.0,0.0,0.0,0.0,0.0,0.0,2000.0,8380.0,15500.0,36900.0,62100.0,91700.0,123000.0,165000.0,216000.0,284000.0,348000.0,383000.0,425000.0,454000.0,469000.0,499000.0,575000.0
CPV,0.0,0.0,0.0,0.0,0.0,0.0,0.0,0.0,0.0,0.0,0.0,0.0,0.0,0.0,0.0,0.0,0.0,0.0,0.0,0.0,0.0,0.0,0.0,0.0,0.0,0.0,0.0,0.0,0.0,0.0,0.0,0.0,0.0,20.0,1020.0,8070.0,19700.0,31500.0,42900.0,53300.0,65800.0,81700.0,109000.0,152000.0,278000.0,291000.0,372000.0,396000.0,425000.0,499000.0,613000.0,611000.0,602000.0,612000.0,610000.0,596000.0
CRI,0.0,0.0,0.0,0.0,0.0,0.0,0.0,0.0,0.0,0.0,0.0,0.0,0.0,0.0,0.0,0.0,0.0,0.0,0.0,0.0,0.0,0.0,0.0,0.0,0.0,0.0,0.0,0.0,3010.0,4530.0,6990.0,18800.0,46500.0,64400.0,109000.0,138000.0,212000.0,327000.0,502000.0,778000.0,923000.0,1100000.0,1440000.0,1510000.0,1890000.0,1950000.0,3130000.0,4150000.0,5380000.0,7110000.0,7020000.0,7540000.0,8330000.0,8840000.0,8500000.0,8170000.0
CUB,0.0,0.0,0.0,0.0,0.0,0.0,0.0,0.0,0.0,0.0,0.0,0.0,0.0,0.0,0.0,0.0,0.0,0.0,0.0,0.0,0.0,0.0,0.0,0.0,0.0,0.0,0.0,0.0,234.0,500.0,1150.0,1940.0,2430.0,2990.0,4060.0,5140.0,6540.0,8580.0,17900.0,35400.0,75800.0,136000.0,153000.0,198000.0,332000.0,621000.0,1000000.0,1320000.0,1680000.0,2000000.0,2530000.0,3340000.0,3990000.0,4610000.0,5370000.0,6040000.0
CUW,0.0,0.0,0.0,0.0,0.0,0.0,0.0,0.0,0.0,0.0,0.0,0.0,0.0,0.0,0.0,0.0,6700.0,13400.0,20100.0,26800.0,33500.0,40200.0,46900.0,53600.0,60300.0,67000.0,73700.0,80400.0,87100.0,93800.0,100500.0,107200.0,113900.0,120600.0,127300.0,134000.0,140700.0,147400.0,154100.0,160800.0,167500.0,174200.0,180900.0,187600.0,194300.0,201000.0,204000.0,206000.0,205000.0,204000.0,193000.0,190000.0,187000.0,187000.0,186000.0,186000.0
CYM,0.0,0.0,0.0,0.0,0.0,0.0,0.0,0.0,0.0,0.0,0.0,0.0,0.0,0.0,0.0,0.0,0.0,0.0,0.0,0.0,0.0,0.0,0.0,0.0,0.0,0.0,0.0,559.0,988.0,1260.0,1810.0,2530.0,3320.0,4110.0,5170.0,8410.0,10700.0,17000.0,19000.0,21000.0,33800.0,80900.0,92600.0,101000.0,98300.0,109000.0,101000.0,96800.0,98800.0,98000.0,91100.0,93200.0,95700.0,96700.0,96700.0,96700.0
CYP,0.0,0.0,0.0,0.0,0.0,0.0,0.0,0.0,0.0,0.0,0.0,0.0,0.0,0.0,0.0,0.0,0.0,0.0,0.0,0.0,0.0,0.0,0.0,0.0,168.0,1350.0,3160.0,5130.0,9740.0,15300.0,22900.0,44500.0,70800.0,92000.0,116000.0,152000.0,218000.0,314000.0,418000.0,552000.0,658000.0,783000.0,868000.0,988000.0,1020000.0,978000.0,1030000.0,1090000.0,1110000.0,1100000.0,1110000.0,1110000.0,1130000.0,1180000.0,1200000.0,1240000.0
CZE,0.0,0.0,0.0,0.0,0.0,0.0,0.0,0.0,0.0,0.0,0.0,0.0,0.0,0.0,0.0,0.0,0.0,0.0,0.0,0.0,0.0,0.0,0.0,0.0,0.0,0.0,0.0,1240.0,4650.0,14000.0,30400.0,48900.0,200000.0,526000.0,965000.0,1940000.0,4350000.0,6950000.0,8610000.0,9710000.0,10800000.0,11800000.0,12400000.0,13200000.0,13800000.0,13100000.0,12900000.0,13200000.0,13500000.0,13700000.0,13900000.0,12500000.0,12500000.0,12600000.0,12700000.0,13200000.0
DEU,0.0,0.0,0.0,0.0,0.0,0.0,0.0,0.0,0.0,0.0,0.0,0.0,0.0,0.0,0.0,0.0,0.0,0.0,0.0,0.0,0.0,1080.0,23800.0,48700.0,98800.0,164000.0,273000.0,532000.0,972000.0,1770000.0,2490000.0,3730000.0,5510000.0,8280000.0,13900000.0,23400000.0,48200000.0,56100000.0,59100000.0,64800000.0,71300000.0,79300000.0,85700000.0,96200000.0,106000000.0,105000000.0,88400000.0,90900000.0,92400000.0,100000000.0,99500000.0,96400000.0,103000000.0,110000000.0,108000000.0,107000000.0
DJI,0.0,0.0,0.0,0.0,0.0,0.0,0.0,0.0,0.0,0.0,0.0,0.0,0.0,0.0,0.0,0.0,0.0,0.0,0.0,0.0,0.0,0.0,0.0,0.0,0.0,0.0,0.0,0.0,0.0,0.0,0.0,0.0,110.0,203.0,220.0,280.0,230.0,3000.0,15000.0,23000.0,34500.0,44100.0,44800.0,69500.0,113000.0,129000.0,166000.0,193000.0,212000.0,244000.0,287000.0,314000.0,345000.0,373000.0,395000.0,395000.0
DMA,0.0,0.0,0.0,0.0,0.0,0.0,0.0,0.0,0.0,0.0,0.0,0.0,0.0,0.0,0.0,0.0,0.0,0.0,0.0,0.0,0.0,0.0,0.0,0.0,0.0,0.0,0.0,0.0,0.0,0.0,0.0,0.0,461.0,556.0,650.0,800.0,1200.0,7710.0,12200.0,23800.0,41800.0,52000.0,71500.0,89000.0,91000.0,98500.0,106000.0,109000.0,109000.0,93600.0,73900.0,77300.0,78400.0,75200.0,75800.0,75800.0
DNK,0.0,0.0,0.0,0.0,0.0,0.0,0.0,0.0,0.0,0.0,0.0,0.0,0.0,0.0,0.0,0.0,0.0,0.0,7200.0,16100.0,30600.0,46100.0,57600.0,77400.0,101000.0,124000.0,148000.0,176000.0,211000.0,358000.0,504000.0,822000.0,1320000.0,1440000.0,1930000.0,2630000.0,3360000.0,3960000.0,4480000.0,4770000.0,5170000.0,5450000.0,5830000.0,6310000.0,6560000.0,6830000.0,6420000.0,7170000.0,7290000.0,7030000.0,7160000.0,7080000.0,6990000.0,7140000.0,7220000.0,7240000.0
DOM,0.0,0.0,0.0,0.0,0.0,0.0,0.0,0.0,0.0,0.0,0.0,0.0,0.0,0.0,0.0,0.0,0.0,0.0,0.0,0.0,0.0,0.0,0.0,792.5,1585.0,2377.5,3170.0,5610.0,7190.0,10400.0,21000.0,56000.0,82500.0,142000.0,209000.0,424000.0,705000.0,1270000.0,1700000.0,2090000.0,2530000.0,3620000.0,4610000.0,5510000.0,7210000.0,8630000.0,8890000.0,8770000.0,8930000.0,9200000.0,8300000.0,8800000.0,8710000.0,8770000.0,8940000.0,8950000.0
DZA,0.0,0.0,0.0,0.0,0.0,0.0,0.0,0.0,0.0,0.0,0.0,0.0,0.0,0.0,0.0,0.0,0.0,0.0,0.0,0.0,0.0,0.0,0.0,0.0,0.0,0.0,470.0,4780.0,4780.0,4780.0,1350.0,4690.0,11700.0,17400.0,18000.0,72000.0,86000.0,100000.0,450000.0,1450000.0,4880000.0,13700000.0,21000000.0,27600000.0,27000000.0,32700000.0,32800000.0,35600000.0,37500000.0,39500000.0,43300000.0,43200000.0,47000000.0,45800000.0,47200000.0,47100000.0
ECU,0.0,0.0,0.0,0.0,0.0,0.0,0.0,0.0,0.0,0.0,0.0,0.0,0.0,0.0,0.0,0.0,0.0,0.0,0.0,0.0,0.0,0.0,0.0,0.0,0.0,0.0,0.0,0.0,0.0,0.0,18900.0,54400.0,59800.0,127000.0,243000.0,383000.0,482000.0,859000.0,1560000.0,2400000.0,3540000.0,6250000.0,8490000.0,9940000.0,11700000.0,13200000.0,14800000.0,15300000.0,16500000.0,16600000.0,16600000.0,12900000.0,13900000.0,14700000.0,15800000.0,15900000.0
EGY,0.0,0.0,0.0,0.0,0.0,0.0,0.0,0.0,0.0,0.0,0.0,0.0,0.0,0.0,0.0,0.0,0.0,0.0,0.0,0.0,0.0,0.0,0.0,2630.0,3020.0,3620.0,4000.0,4500.0,4910.0,6880.0,7370.0,7370.0,7370.0,65400.0,90800.0,481000.0,1360000.0,2790000.0,4490000.0,5800000.0,7640000.0,13600000.0,18000000.0,30100000.0,41300000.0,55400000.0,70700000.0,83400000.0,96800000.0,99700000.0,95300000.0,94000000.0,97800000.0,103000000.0,93800000.0,95300000.0
ERI,0.0,0.0,0.0,0.0,0.0,0.0,0.0,0.0,0.0,0.0,0.0,0.0,0.0,0.0,0.0,0.0,0.0,0.0,0.0,0.0,0.0,0.0,0.0,0.0,0.0,0.0,0.0,0.0,0.0,0.0,0.0,0.0,0.0,0.0,0.0,0.0,0.0,0.0,0.0,0.0,20000.0,40400.0,62000.0,84300.0,109000.0,141000.0,185000.0,242000.0,305000.0,355000.0,417000.0,475000.0,506000.0,695000.0,695000.0,695000.0
ESP,0.0,0.0,0.0,0.0,0.0,0.0,0.0,0.0,0.0,0.0,0.0,0.0,0.0,0.0,0.0,0.0,0.0,0.0,0.0,425.0,850.0,1275.0,1700.0,4200.0,11600.0,29800.0,54700.0,108000.0,180000.0,257000.0,412000.0,945000.0,3000000.0,4340000.0,6440000.0,15000000.0,24300000.0,29700000.0,33500000.0,37200000.0,38600000.0,42700000.0,45700000.0,48400000.0,49600000.0,51100000.0,51400000.0,52600000.0,50700000.0,50200000.0,50800000.0,51100000.0,51500000.0,52500000.0,54200000.0,55300000.0
EST,0.0,0.0,0.0,0.0,0.0,0.0,0.0,0.0,0.0,0.0,0.0,0.0,0.0,0.0,0.0,0.0,0.0,0.0,0.0,0.0,0.0,0.0,0.0,0.0,0.0,0.0,0.0,570.0,2500.0,7220.0,13800.0,30500.0,69500.0,144000.0,247000.0,387000.0,557000.0,651000.0,881000.0,1050000.0,1260000.0,1450000.0,1660000.0,1680000.0,1620000.0,1570000.0,1650000.0,1810000.0,2000000.0,1930000.0,1900000.0,1900000.0,1900000.0,1900000.0,1920000.0,1950000.0
ETH,0.0,0.0,0.0,0.0,0.0,0.0,0.0,0.0,0.0,0.0,0.0,0.0,0.0,0.0,0.0,0.0,0.0,0.0,0.0,0.0,0.0,0.0,0.0,0.0,0.0,0.0,0.0,0.0,0.0,0.0,0.0,0.0,0.0,0.0,0.0,6740.0,17800.0,27500.0,50400.0,51300.0,156000.0,411000.0,867000.0,1210000.0,1950000.0,4050000.0,6850000.0,14100000.0,20500000.0,25600000.0,30500000.0,42300000.0,51200000.0,39600000.0,39600000.0,39600000.0
FIN,0.0,0.0,0.0,0.0,0.0,0.0,0.0,0.0,0.0,0.0,0.0,0.0,0.0,0.0,0.0,0.0,23500.0,28300.0,33900.0,42200.0,52000.0,67600.0,85300.0,106000.0,138000.0,190000.0,258000.0,319000.0,386000.0,489000.0,676000.0,1040000.0,1500000.0,2160000.0,2850000.0,3270000.0,3730000.0,4180000.0,4520000.0,4750000.0,4990000.0,5270000.0,5670000.0,6080000.0,6830000.0,7700000.0,8390000.0,8940000.0,9320000.0,7410000.0,7600000.0,7400000.0,7220000.0,7160000.0,7150000.0,7150000.0
FJI,0.0,0.0,0.0,0.0,0.0,0.0,0.0,0.0,0.0,0.0,0.0,0.0,0.0,0.0,0.0,0.0,0.0,0.0,0.0,0.0,0.0,0.0,0.0,0.0,0.0,0.0,0.0,0.0,0.0,0.0,1100.0,2200.0,3700.0,5200.0,8000.0,23400.0,55100.0,80900.0,89900.0,110000.0,142000.0,205000.0,285000.0,530000.0,600000.0,640000.0,698000.0,727000.0,859000.0,930000.0,876000.0,966000.0,1040000.0,1030000.0,1030000.0,1030000.0
FRA,0.0,0.0,0.0,0.0,0.0,0.0,0.0,0.0,0.0,0.0,0.0,0.0,0.0,0.0,0.0,0.0,0.0,0.0,0.0,0.0,0.0,0.0,9060.0,39200.0,98300.0,178000.0,283000.0,375000.0,437000.0,572000.0,883000.0,1300000.0,2460000.0,5820000.0,11200000.0,21400000.0,29100000.0,37000000.0,38600000.0,41700000.0,44500000.0,48100000.0,51700000.0,55400000.0,58000000.0,57900000.0,57800000.0,59800000.0,62300000.0,63300000.0,65400000.0,66700000.0,67600000.0,69000000.0,70400000.0,72000000.0
FRO,0.0,0.0,0.0,0.0,0.0,0.0,0.0,0.0,0.0,0.0,0.0,0.0,0.0,0.0,0.0,0.0,0.0,0.0,0.0,0.0,0.0,0.0,0.0,0.0,0.0,0.0,0.0,1430.0,1720.0,1610.0,1960.0,2560.0,3270.0,4700.0,6520.0,10800.0,17000.0,24500.0,34700.0,38000.0,41300.0,42000.0,50000.0,52200.0,54900.0,57000.0,59400.0,58500.0,58700.0,57800.0,58300.0,53200.0,54500.0,56600.0,56800.0,56800.0
FSM,0.0,0.0,0.0,0.0,0.0,0.0,0.0,0.0,0.0,0.0,0.0,0.0,0.0,0.0,0.0,0.0,0.0,0.0,0.0,0.0,0.0,0.0,0.0,0.0,0.0,0.0,0.0,0.0,0.0,0.0,0.0,0.0,0.0,0.0,0.0,0.0,0.0,0.0,100.0,5870.0,12800.0,14100.0,18600.0,27400.0,27500.0,27500.0,27500.0,27600.0,31200.0,31400.0,26950.0,22500.0,23400.0,23100.0,23100.0,23100.0
GAB,0.0,0.0,0.0,0.0,0.0,0.0,0.0,0.0,0.0,0.0,0.0,0.0,0.0,0.0,0.0,0.0,0.0,0.0,0.0,0.0,0.0,0.0,0.0,0.0,0.0,0.0,0.0,0.0,280.0,1200.0,2580.0,4000.0,6800.0,9500.0,9690.0,8890.0,120000.0,150000.0,279000.0,300000.0,489000.0,737000.0,898000.0,1170000.0,1300000.0,1450000.0,1610000.0,2370000.0,2560000.0,2750000.0,2930000.0,2820000.0,2960000.0,2660000.0,2930000.0,2930000.0
GBR,0.0,0.0,0.0,0.0,0.0,0.0,0.0,0.0,0.0,0.0,0.0,0.0,0.0,0.0,0.0,0.0,0.0,0.0,0.0,0.0,0.0,50000.0,130000.0,290000.0,560000.0,975000.0,1110000.0,1260000.0,1510000.0,2270000.0,3940000.0,5740000.0,7250000.0,8840000.0,14900000.0,27200000.0,43500000.0,46300000.0,49200000.0,54300000.0,59700000.0,65500000.0,70100000.0,73800000.0,74900000.0,76500000.0,76700000.0,77200000.0,78300000.0,78700000.0,78500000.0,79300000.0,78900000.0,79100000.0,79500000.0,79500000.0
GEO,0.0,0.0,0.0,0.0,0.0,0.0,0.0,0.0,0.0,0.0,0.0,0.0,0.0,0.0,0.0,0.0,0.0,0.0,0.0,0.0,0.0,0.0,0.0,0.0,0.0,0.0,0.0,0.0,0.0,0.0,0.0,150.0,2300.0,30000.0,60000.0,133000.0,195000.0,301000.0,504000.0,711000.0,841000.0,1170000.0,1700000.0,2600000.0,2760000.0,2840000.0,3980000.0,4430000.0,4700000.0,4990000.0,5400000.0,5550000.0,5530000.0,5500000.0,5460000.0,5380000.0
GHA,0.0,0.0,0.0,0.0,0.0,0.0,0.0,0.0,0.0,0.0,0.0,0.0,0.0,0.0,0.0,0.0,0.0,0.0,0.0,0.0,0.0,0.0,0.0,0.0,0.0,0.0,0.0,0.0,400.0,1740.0,3340.0,6200.0,12800.0,21900.0,41800.0,70000.0,130000.0,244000.0,387000.0,796000.0,1700000.0,2870000.0,5210000.0,7600000.0,11600000.0,15100000.0,17400000.0,21200000.0,25600000.0,28000000.0,30400000.0,35000000.0,38300000.0,36800000.0,40900000.0,40900000.0
GIB,0.0,0.0,0.0,0.0,0.0,0.0,0.0,0.0,0.0,0.0,0.0,0.0,0.0,0.0,0.0,0.0,0.0,0.0,0.0,0.0,0.0,0.0,0.0,0.0,0.0,0.0,0.0,0.0,0.0,0.0,0.0,660.0,1000.0,1620.0,2450.0,3650.0,5560.0,9800.0,12200.0,15900.0,18400.0,20000.0,22000.0,24000.0,26000.0,28600.0,30000.0,32500.0,34800.0,36400.0,38000.0,41400.0,41100.0,41000.0,41000.0,40500.0
GIN,0.0,0.0,0.0,0.0,0.0,0.0,0.0,0.0,0.0,0.0,0.0,0.0,0.0,0.0,0.0,0.0,0.0,0.0,0.0,0.0,0.0,0.0,0.0,0.0,0.0,0.0,0.0,0.0,0.0,42.0,812.0,950.0,950.0,2870.0,21600.0,25200.0,42100.0,55700.0,90800.0,112000.0,155000.0,189000.0,1094500.0,2000000.0,2750000.0,3490000.0,4000000.0,4860000.0,5580000.0,7440000.0,8680000.0,10800000.0,11100000.0,11700000.0,12000000.0,12900000.0
GMB,0.0,0.0,0.0,0.0,0.0,0.0,0.0,0.0,0.0,0.0,0.0,0.0,0.0,0.0,0.0,0.0,0.0,0.0,0.0,0.0,0.0,0.0,0.0,0.0,0.0,0.0,0.0,0.0,204.0,457.0,812.0,1440.0,3100.0,4730.0,5050.0,5310.0,5600.0,55100.0,100000.0,149000.0,175000.0,247000.0,404000.0,800000.0,1170000.0,1310000.0,1480000.0,1400000.0,1530000.0,1850000.0,2280000.0,2720000.0,2840000.0,2970000.0,3180000.0,3180000.0
GNB,0.0,0.0,0.0,0.0,0.0,0.0,0.0,0.0,0.0,0.0,0.0,0.0,0.0,0.0,0.0,0.0,0.0,0.0,0.0,0.0,0.0,0.0,0.0,0.0,0.0,0.0,0.0,0.0,0.0,0.0,0.0,0.0,0.0,0.0,0.0,0.0,0.0,0.0,0.0,1280.0,39500.0,98800.0,157000.0,296000.0,500000.0,560000.0,677000.0,733000.0,1050000.0,940000.0,1110000.0,1240000.0,1290000.0,1430000.0,1480000.0,1590000.0
GNQ,0.0,0.0,0.0,0.0,0.0,0.0,0.0,0.0,0.0,0.0,0.0,0.0,0.0,0.0,0.0,0.0,0.0,0.0,0.0,0.0,0.0,0.0,0.0,0.0,0.0,0.0,0.0,0.0,0.0,0.0,0.0,0.0,61.0,300.0,297.0,600.0,5000.0,15000.0,32000.0,41500.0,61900.0,96900.0,120000.0,150000.0,180000.0,200000.0,399000.0,479000.0,501000.0,511000.0,517000.0,533000.0,576000.0,566000.0,591000.0,591000.0
GRC,0.0,0.0,0.0,0.0,0.0,0.0,0.0,0.0,0.0,0.0,0.0,0.0,0.0,0.0,0.0,0.0,0.0,0.0,0.0,0.0,0.0,0.0,0.0,0.0,0.0,0.0,0.0,0.0,0.0,48000.0,153000.0,273000.0,532000.0,938000.0,2050000.0,3900000.0,5930000.0,7960000.0,9310000.0,8940000.0,9320000.0,10300000.0,11000000.0,12300000.0,13800000.0,13300000.0,12300000.0,12100000.0,13400000.0,12500000.0,12100000.0,12600000.0,12500000.0,12900000.0,12200000.0,11900000.0
GRD,0.0,0.0,0.0,0.0,0.0,0.0,0.0,0.0,0.0,0.0,0.0,0.0,0.0,0.0,0.0,0.0,0.0,0.0,0.0,0.0,0.0,0.0,0.0,0.0,0.0,0.0,150.0,147.0,181.0,282.0,350.0,400.0,570.0,976.0,1410.0,2010.0,4300.0,6410.0,7550.0,42300.0,43300.0,46900.0,46200.0,51400.0,60000.0,114000.0,122000.0,121000.0,130000.0,133000.0,117000.0,120000.0,119000.0,113000.0,116000.0,116000.0
GRL,0.0,0.0,0.0,0.0,0.0,0.0,0.0,0.0,0.0,0.0,0.0,0.0,0.0,0.0,0.0,0.0,0.0,0.0,0.0,0.0,0.0,0.0,0.0,0.0,0.0,0.0,0.0,0.0,171.0,438.0,964.0,2050.0,4120.0,6480.0,8900.0,13500.0,15100.0,15900.0,19900.0,29700.0,39000.0,46500.0,53900.0,66400.0,55800.0,53500.0,57300.0,58700.0,59500.0,60400.0,60800.0,61000.0,61600.0,62200.0,62500.0,64900.0
GTM,0.0,0.0,0.0,0.0,0.0,0.0,0.0,0.0,0.0,0.0,0.0,0.0,0.0,0.0,0.0,0.0,0.0,0.0,0.0,0.0,0.0,0.0,0.0,0.0,0.0,0.0,293.0,1220.0,2140.0,2990.0,10500.0,30000.0,43400.0,64200.0,111000.0,338000.0,857000.0,1150000.0,1580000.0,2030000.0,3170000.0,4510000.0,7180000.0,11900000.0,14900000.0,17300000.0,18100000.0,19500000.0,20800000.0,21700000.0,16900000.0,18100000.0,18300000.0,20000000.0,20500000.0,20900000.0
GUM,0.0,0.0,0.0,0.0,0.0,0.0,0.0,0.0,0.0,0.0,0.0,0.0,0.0,0.0,0.0,0.0,0.0,0.0,0.0,0.0,0.0,0.0,0.0,0.0,0.0,0.0,0.0,867.0,1300.0,1910.0,4100.0,4970.0,5800.0,5670.0,12800.0,20000.0,27200.0,32600.0,70500.0,79800.0,98000.0,98000.0,98000.0,98000.0,98000.0,98000.0,98000.0,98000.0,98000.0,98000.0,98000.0,98000.0,98000.0,98000.0,98000.0,98000.0
GUY,0.0,0.0,0.0,0.0,0.0,0.0,0.0,0.0,0.0,0.0,0.0,0.0,0.0,0.0,0.0,0.0,0.0,0.0,0.0,0.0,0.0,0.0,0.0,0.0,0.0,0.0,0.0,0.0,841.0,1030.0,1250.0,1240.0,1200.0,1400.0,1450.0,2820.0,39800.0,75300.0,79400.0,138000.0,172000.0,281000.0,400000.0,539000.0,448000.0,489000.0,560000.0,529000.0,547000.0,555000.0,567000.0,543000.0,585000.0,643000.0,643000.0,643000.0
HKG,0.0,0.0,0.0,0.0,0.0,0.0,0.0,0.0,0.0,0.0,0.0,0.0,0.0,0.0,0.0,0.0,0.0,0.0,0.0,0.0,1000.0,4400.0,10000.0,28100.0,51300.0,89200.0,134000.0,190000.0,233000.0,291000.0,485000.0,798000.0,1360000.0,2230000.0,3170000.0,4280000.0,5450000.0,5780000.0,6400000.0,7350000.0,8210000.0,8540000.0,9440000.0,10800000.0,11600000.0,12600000.0,13800000.0,15300000.0,16400000.0,17000000.0,17000000.0,16700000.0,17600000.0,18400000.0,19900000.0,21500000.0
HND,0.0,0.0,0.0,0.0,0.0,0.0,0.0,0.0,0.0,0.0,0.0,0.0,0.0,0.0,0.0,0.0,0.0,0.0,0.0,0.0,0.0,0.0,0.0,0.0,0.0,0.0,0.0,0.0,0.0,0.0,0.0,0.0,2310.0,14400.0,34900.0,78600.0,155000.0,238000.0,327000.0,379000.0,707000.0,1280000.0,2240000.0,4180000.0,6210000.0,8390000.0,9510000.0,8060000.0,7370000.0,7770000.0,7730000.0,8050000.0,7830000.0,8230000.0,7590000.0,7090000.0
HRV,0.0,0.0,0.0,0.0,0.0,0.0,0.0,0.0,0.0,0.0,0.0,0.0,0.0,0.0,0.0,0.0,0.0,0.0,0.0,0.0,0.0,0.0,0.0,0.0,0.0,0.0,240.0,2020.0,6320.0,11400.0,21700.0,33700.0,64900.0,120000.0,183000.0,295000.0,1030000.0,1750000.0,2310000.0,2540000.0,2840000.0,3650000.0,4400000.0,5030000.0,4550000.0,4680000.0,4930000.0,5120000.0,4970000.0,4720000.0,4460000.0,4420000.0,4410000.0,4320000.0,4390000.0,4400000.0
HTI,0.0,0.0,0.0,0.0,0.0,0.0,0.0,0.0,0.0,0.0,0.0,0.0,0.0,0.0,0.0,0.0,0.0,0.0,0.0,0.0,0.0,0.0,0.0,0.0,0.0,0.0,0.0,0.0,0.0,0.0,0.0,0.0,0.0,0.0,10000.0,25000.0,55000.0,91500.0,140000.0,320000.0,400000.0,500000.0,1200000.0,2500000.0,3200000.0,3650000.0,4000000.0,4200000.0,6090000.0,7160000.0,6770000.0,7300000.0,6500000.0,6310000.0,6400000.0,6400000.0
HUN,0.0,0.0,0.0,0.0,0.0,0.0,0.0,0.0,0.0,0.0,0.0,0.0,0.0,0.0,0.0,0.0,0.0,0.0,0.0,0.0,0.0,0.0,0.0,0.0,0.0,0.0,2650.0,8480.0,23300.0,45700.0,143000.0,265000.0,473000.0,706000.0,1070000.0,1630000.0,3080000.0,4970000.0,6890000.0,7940000.0,8730000.0,9320000.0,9970000.0,11000000.0,12200000.0,11800000.0,12000000.0,11700000.0,11600000.0,11600000.0,11700000.0,9900000.0,9950000.0,9950000.0,10000000.0,10300000.0
IDN,0.0,0.0,0.0,0.0,0.0,0.0,0.0,0.0,0.0,0.0,0.0,0.0,0.0,0.0,0.0,0.0,0.0,0.0,0.0,0.0,1750.0,2030.0,4530.0,6320.0,9010.0,12900.0,18100.0,24500.0,35500.0,53400.0,78000.0,211000.0,563000.0,916000.0,1070000.0,2220000.0,3670000.0,6520000.0,11700000.0,18500000.0,30300000.0,46900000.0,63800000.0,93400000.0,141000000.0,164000000.0,211000000.0,250000000.0,282000000.0,313000000.0,326000000.0,339000000.0,386000000.0,435000000.0,319000000.0,345000000.0
IND,0.0,0.0,0.0,0.0,0.0,0.0,0.0,0.0,0.0,0.0,0.0,0.0,0.0,0.0,0.0,0.0,0.0,0.0,0.0,0.0,0.0,0.0,0.0,0.0,0.0,0.0,0.0,0.0,0.0,0.0,0.0,76700.0,328000.0,882000.0,1200000.0,1880000.0,3580000.0,6540000.0,13000000.0,33700000.0,52200000.0,90100000.0,166000000.0,234000000.0,347000000.0,525000000.0,752000000.0,894000000.0,865000000.0,886000000.0,944000000.0,1000000000.0,1130000000.0,1170000000.0,1180000000.0,1150000000.0
IRL,0.0,0.0,0.0,0.0,0.0,0.0,0.0,0.0,0.0,0.0,0.0,0.0,0.0,0.0,0.0,0.0,0.0,0.0,0.0,0.0,0.0,300.0,1500.0,3480.0,6300.0,13600.0,25000.0,32000.0,44000.0,61100.0,88000.0,158000.0,289000.0,545000.0,946000.0,1680000.0,2460000.0,2970000.0,3000000.0,3500000.0,3860000.0,4270000.0,4690000.0,4970000.0,5050000.0,4700000.0,4700000.0,4910000.0,5010000.0,4880000.0,4910000.0,4900000.0,4880000.0,4900000.0,4970000.0,5150000.0
IRN,0.0,0.0,0.0,0.0,0.0,0.0,0.0,0.0,0.0,0.0,0.0,0.0,0.0,0.0,0.0,0.0,0.0,0.0,0.0,0.0,0.0,0.0,0.0,0.0,0.0,0.0,0.0,0.0,0.0,0.0,9200.0,15900.0,60000.0,239000.0,390000.0,490000.0,963000.0,2090000.0,2280000.0,3450000.0,5080000.0,8510000.0,15400000.0,29800000.0,43000000.0,52600000.0,54100000.0,56000000.0,58200000.0,65200000.0,68900000.0,74200000.0,80500000.0,87000000.0,88700000.0,118000000.0
IRQ,0.0,0.0,0.0,0.0,0.0,0.0,0.0,0.0,0.0,0.0,0.0,0.0,0.0,0.0,0.0,0.0,0.0,0.0,0.0,0.0,0.0,0.0,0.0,0.0,0.0,0.0,0.0,0.0,0.0,0.0,0.0,0.0,0.0,0.0,0.0,0.0,0.0,0.0,20000.0,80000.0,574000.0,1530000.0,9350000.0,14000000.0,17500000.0,20100000.0,23300000.0,25500000.0,26800000.0,32500000.0,33000000.0,33600000.0,33400000.0,33400000.0,36500000.0,36500000.0
ISL,0.0,0.0,0.0,0.0,0.0,0.0,0.0,0.0,0.0,0.0,0.0,0.0,0.0,0.0,0.0,0.0,0.0,0.0,0.0,0.0,0.0,0.0,2640.0,5010.0,6520.0,7890.0,10000.0,12900.0,15300.0,17400.0,21800.0,30900.0,46800.0,65400.0,104000.0,173000.0,215000.0,248000.0,260000.0,280000.0,290000.0,283000.0,302000.0,326000.0,337000.0,340000.0,341000.0,344000.0,352000.0,356000.0,370000.0,384000.0,402000.0,401000.0,411000.0,413000.0
ISR,0.0,0.0,0.0,0.0,0.0,0.0,0.0,0.0,0.0,0.0,0.0,0.0,0.0,0.0,0.0,0.0,1381.8181818181818,2763.6363636363635,4145.454545454545,5527.272727272727,6909.090909090909,8290.90909090909,9672.727272727272,11054.545454545454,12436.363636363636,13818.181818181818,15200.0,23000.0,36100.0,64500.0,133000.0,445000.0,1050000.0,1670000.0,2150000.0,2880000.0,4400000.0,5500000.0,6300000.0,6620000.0,7220000.0,7760000.0,8400000.0,8900000.0,8980000.0,9020000.0,9110000.0,9200000.0,9220000.0,9500000.0,9500000.0,10600000.0,10600000.0,10500000.0,10700000.0,10800000.0
ITA,0.0,0.0,0.0,0.0,0.0,0.0,0.0,0.0,0.0,0.0,0.0,0.0,0.0,0.0,0.0,0.0,0.0,0.0,0.0,0.0,0.0,6420.0,9040.0,16500.0,33600.0,66100.0,266000.0,568000.0,783000.0,1210000.0,2240000.0,3920000.0,6420000.0,11700000.0,20500000.0,30300000.0,42200000.0,51200000.0,54200000.0,56800000.0,62800000.0,71500000.0,80400000.0,89800000.0,90300000.0,90000000.0,93700000.0,96000000.0,97200000.0,96900000.0,89900000.0,87700000.0,86000000.0,83900000.0,83300000.0,80600000.0
JAM,0.0,0.0,0.0,0.0,0.0,0.0,0.0,0.0,0.0,0.0,0.0,0.0,0.0,0.0,0.0,0.0,0.0,0.0,0.0,0.0,0.0,0.0,0.0,0.0,0.0,0.0,0.0,2450.0,7630.0,15200.0,26100.0,45100.0,54600.0,66000.0,78600.0,144000.0,367000.0,598000.0,1240000.0,1580000.0,1840000.0,1980000.0,2270000.0,2680000.0,2720000.0,2960000.0,3180000.0,2950000.0,2710000.0,2850000.0,3010000.0,3140000.0,3270000.0,3090000.0,2960000.0,3020000.0
JOR,0.0,0.0,0.0,0.0,0.0,0.0,0.0,0.0,0.0,0.0,0.0,0.0,0.0,0.0,0.0,0.0,0.0,0.0,0.0,0.0,0.0,0.0,0.0,0.0,0.0,0.0,1440.0,1460.0,1460.0,1460.0,1450.0,11800.0,24100.0,45000.0,82400.0,118000.0,389000.0,866000.0,1220000.0,1330000.0,1620000.0,3140000.0,4340000.0,4770000.0,5310000.0,6010000.0,6620000.0,7480000.0,8980000.0,10300000.0,11100000.0,13800000.0,9820000.0,9700000.0,8730000.0,7780000.0
JPN,0.0,0.0,0.0,0.0,0.0,0.0,0.0,0.0,0.0,0.0,0.0,0.0,0.0,0.0,0.0,0.0,0.0,13300.0,19800.0,27200.0,40400.0,61800.0,95100.0,151000.0,243000.0,490000.0,868000.0,1380000.0,1710000.0,2130000.0,4330000.0,11700000.0,26900000.0,38300000.0,47300000.0,56800000.0,66800000.0,74800000.0,81100000.0,86700000.0,91500000.0,96500000.0,99800000.0,107000000.0,110000000.0,116000000.0,123000000.0,133000000.0,141000000.0,148000000.0,158000000.0,161000000.0,167000000.0,173000000.0,180000000.0,180000000.0
KAZ,0.0,0.0,0.0,0.0,0.0,0.0,0.0,0.0,0.0,0.0,0.0,0.0,0.0,0.0,0.0,0.0,0.0,0.0,0.0,0.0,0.0,0.0,0.0,0.0,0.0,0.0,0.0,0.0,0.0,0.0,400.0,4600.0,9800.0,11200.0,29700.0,49500.0,197000.0,582000.0,1030000.0,1330000.0,2450000.0,5400000.0,7780000.0,12300000.0,14900000.0,17100000.0,19400000.0,25200000.0,30200000.0,30400000.0,28600000.0,26300000.0,25500000.0,26700000.0,26100000.0,25700000.0
KEN,0.0,0.0,0.0,0.0,0.0,0.0,0.0,0.0,0.0,0.0,0.0,0.0,0.0,0.0,0.0,0.0,0.0,0.0,0.0,0.0,0.0,0.0,0.0,0.0,0.0,0.0,0.0,0.0,1100.0,1160.0,1990.0,2280.0,2830.0,6770.0,10800.0,23800.0,127000.0,600000.0,1190000.0,1590000.0,2550000.0,4610000.0,7340000.0,11300000.0,16300000.0,19400000.0,25000000.0,28100000.0,30700000.0,31800000.0,33600000.0,37700000.0,39000000.0,42800000.0,49500000.0,54600000.0
KGZ,0.0,0.0,0.0,0.0,0.0,0.0,0.0,0.0,0.0,0.0,0.0,0.0,0.0,0.0,0.0,0.0,0.0,0.0,0.0,0.0,0.0,0.0,0.0,0.0,0.0,0.0,0.0,0.0,0.0,0.0,0.0,0.0,0.0,0.0,1350.0,2570.0,9000.0,27000.0,53100.0,138000.0,263000.0,542000.0,1260000.0,2170000.0,3390000.0,4490000.0,5280000.0,6280000.0,6800000.0,6740000.0,7560000.0,7580000.0,7610000.0,8470000.0,8740000.0,8620000.0
KHM,0.0,0.0,0.0,0.0,0.0,0.0,0.0,0.0,0.0,0.0,0.0,0.0,0.0,0.0,0.0,0.0,0.0,0.0,0.0,0.0,0.0,0.0,0.0,0.0,0.0,0.0,0.0,0.0,0.0,4810.0,10200.0,14100.0,23100.0,33600.0,61300.0,89100.0,131000.0,223000.0,380000.0,498000.0,862000.0,1060000.0,1720000.0,2580000.0,4240000.0,6270000.0,8150000.0,13800000.0,19100000.0,20300000.0,20500000.0,20900000.0,19900000.0,18600000.0,19400000.0,21400000.0
KIR,0.0,0.0,0.0,0.0,0.0,0.0,0.0,0.0,0.0,0.0,0.0,0.0,0.0,0.0,0.0,0.0,0.0,0.0,0.0,0.0,0.0,0.0,0.0,0.0,0.0,0.0,0.0,0.0,0.0,0.0,0.0,0.0,0.0,0.0,22.0,200.0,300.0,395.0,495.0,526.0,615.0,650.0,700.0,750.0,1000.0,9910.0,10600.0,13800.0,18000.0,20000.0,30000.0,41000.0,52000.0,46100.0,53300.0,54700.0
KNA,0.0,0.0,0.0,0.0,0.0,0.0,0.0,0.0,0.0,0.0,0.0,0.0,0.0,0.0,0.0,0.0,0.0,0.0,0.0,0.0,0.0,0.0,0.0,0.0,0.0,0.0,0.0,50.0,100.0,150.0,200.0,250.0,300.0,205.0,440.0,700.0,1200.0,2100.0,5000.0,22000.0,29000.0,51000.0,51000.0,64500.0,74500.0,75500.0,80000.0,77000.0,76000.0,77000.0,65000.0,73000.0,76600.0,76900.0,76900.0,76900.0
KOR,0.0,0.0,0.0,0.0,0.0,0.0,0.0,0.0,0.0,0.0,0.0,0.0,0.0,0.0,0.0,0.0,0.0,0.0,0.0,0.0,2363.3333333333335,4726.666666666667,7090.0,10300.0,20400.0,39700.0,80000.0,166000.0,272000.0,472000.0,960000.0,1640000.0,3180000.0,6880000.0,14000000.0,23400000.0,26800000.0,29000000.0,32300000.0,33600000.0,36600000.0,38300000.0,40200000.0,44400000.0,45600000.0,47900000.0,50800000.0,52500000.0,53600000.0,54700000.0,57300000.0,58900000.0,61300000.0,63700000.0,66400000.0,68900000.0
KWT,0.0,0.0,0.0,0.0,0.0,0.0,0.0,0.0,0.0,0.0,0.0,0.0,0.0,0.0,0.0,0.0,0.0,0.0,0.0,0.0,0.0,0.0,8200.0,14300.0,17500.0,22500.0,20700.0,43000.0,51000.0,64300.0,85200.0,118000.0,151000.0,210000.0,250000.0,300000.0,476000.0,878000.0,1230000.0,1420000.0,1770000.0,1380000.0,1180000.0,1430000.0,1500000.0,2620000.0,3980000.0,4930000.0,5100000.0,6410000.0,7600000.0,7660000.0,7660000.0,7140000.0,7100000.0,7330000.0
LAO,0.0,0.0,0.0,0.0,0.0,0.0,0.0,0.0,0.0,0.0,0.0,0.0,0.0,0.0,0.0,0.0,0.0,0.0,0.0,0.0,0.0,0.0,0.0,0.0,0.0,0.0,0.0,0.0,290.0,340.0,625.0,1540.0,3790.0,4920.0,6450.0,12100.0,12700.0,29500.0,55200.0,112000.0,204000.0,658000.0,1010000.0,1480000.0,2020000.0,3230000.0,4000000.0,5480000.0,4300000.0,4610000.0,4620000.0,3730000.0,3960000.0,3710000.0,3660000.0,4360000.0
LBN,0.0,0.0,0.0,0.0,0.0,0.0,0.0,0.0,0.0,0.0,0.0,0.0,0.0,0.0,0.0,0.0,0.0,0.0,0.0,0.0,0.0,0.0,0.0,0.0,0.0,0.0,0.0,0.0,0.0,0.0,0.0,120000.0,198000.0,374000.0,505000.0,627000.0,743000.0,767000.0,775000.0,795000.0,884000.0,994000.0,1110000.0,1260000.0,1430000.0,2390000.0,2860000.0,3460000.0,3760000.0,3880000.0,4390000.0,4660000.0,4280000.0,4400000.0,4420000.0,4240000.0
LBR,0.0,0.0,0.0,0.0,0.0,0.0,0.0,0.0,0.0,0.0,0.0,0.0,0.0,0.0,0.0,0.0,0.0,0.0,0.0,0.0,0.0,0.0,0.0,0.0,0.0,0.0,0.0,0.0,0.0,0.0,0.0,0.0,0.0,0.0,0.0,0.0,1500.0,2000.0,5000.0,47300.0,94400.0,160000.0,280000.0,563000.0,855000.0,1090000.0,1570000.0,2020000.0,2380000.0,2550000.0,3230000.0,3650000.0,3120000.0,2660000.0,2660000.0,2660000.0
LBY,0.0,0.0,0.0,0.0,0.0,0.0,0.0,0.0,0.0,0.0,0.0,0.0,0.0,0.0,0.0,0.0,0.0,0.0,0.0,0.0,0.0,0.0,0.0,0.0,0.0,0.0,0.0,0.0,0.0,0.0,0.0,0.0,0.0,10000.0,20000.0,30000.0,40000.0,50000.0,70000.0,127000.0,500000.0,2000000.0,3930000.0,4500000.0,7380000.0,9530000.0,10900000.0,10000000.0,9590000.0,10200000.0,8500000.0,9750000.0,7660000.0,6020000.0,6020000.0,6020000.0
LCA,0.0,0.0,0.0,0.0,0.0,0.0,0.0,0.0,0.0,0.0,0.0,0.0,0.0,0.0,0.0,0.0,0.0,0.0,0.0,0.0,0.0,0.0,0.0,0.0,0.0,0.0,0.0,131.0,262.0,393.0,524.0,1000.0,1400.0,1600.0,1900.0,2300.0,2500.0,2700.0,14300.0,99000.0,101000.0,106000.0,106000.0,147000.0,175000.0,190000.0,198000.0,217000.0,216000.0,212000.0,188000.0,188000.0,177000.0,177000.0,185000.0,185000.0
LIE,0.0,0.0,0.0,0.0,0.0,0.0,0.0,0.0,0.0,0.0,0.0,0.0,0.0,0.0,0.0,0.0,0.0,0.0,0.0,0.0,0.0,0.0,0.0,0.0,0.0,0.0,0.0,937.5,1875.0,2812.5,3750.0,4687.5,5625.0,6562.5,7500.0,9000.0,10000.0,11000.0,11400.0,25000.0,25500.0,27500.0,28800.0,32000.0,34000.0,35000.0,35500.0,37000.0,36100.0,38400.0,40700.0,41000.0,44300.0,46400.0,47300.0,48300.0
LKA,0.0,0.0,0.0,0.0,0.0,0.0,0.0,0.0,0.0,0.0,0.0,0.0,0.0,0.0,0.0,0.0,0.0,0.0,0.0,0.0,0.0,0.0,0.0,0.0,0.0,0.0,1010.0,1800.0,2640.0,14700.0,29200.0,51300.0,71000.0,115000.0,174000.0,257000.0,430000.0,668000.0,931000.0,1390000.0,2210000.0,3360000.0,5410000.0,7980000.0,11100000.0,16300000.0,17400000.0,18300000.0,19300000.0,20300000.0,22100000.0,23900000.0,25800000.0,28200000.0,30300000.0,30300000.0
LSO,0.0,0.0,0.0,0.0,0.0,0.0,0.0,0.0,0.0,0.0,0.0,0.0,0.0,0.0,0.0,0.0,0.0,0.0,0.0,0.0,0.0,0.0,0.0,0.0,0.0,0.0,0.0,0.0,0.0,0.0,0.0,0.0,1260.0,3500.0,9830.0,12000.0,21600.0,57000.0,138000.0,126000.0,196000.0,250000.0,358000.0,482000.0,593000.0,661000.0,987000.0,1230000.0,1540000.0,1790000.0,2140000.0,2140000.0,2280000.0,2380000.0,2380000.0,2380000.0
LTU,0.0,0.0,0.0,0.0,0.0,0.0,0.0,0.0,0.0,0.0,0.0,0.0,0.0,0.0,0.0,0.0,0.0,0.0,0.0,0.0,0.0,0.0,0.0,0.0,0.0,0.0,0.0,0.0,267.0,1240.0,4510.0,14800.0,51000.0,165000.0,268000.0,332000.0,524000.0,1020000.0,1650000.0,2100000.0,3050000.0,4350000.0,4720000.0,4910000.0,5020000.0,4960000.0,4890000.0,4940000.0,5000000.0,4570000.0,4270000.0,4180000.0,4200000.0,4360000.0,4590000.0,4660000.0
LUX,0.0,0.0,0.0,0.0,0.0,0.0,0.0,0.0,0.0,0.0,0.0,0.0,0.0,0.0,0.0,0.0,0.0,0.0,0.0,0.0,0.0,40.0,292.0,375.0,542.0,665.0,824.0,1140.0,1120.0,5080.0,12900.0,26800.0,45000.0,67200.0,131000.0,209000.0,303000.0,409000.0,473000.0,539000.0,470000.0,510000.0,713000.0,685000.0,707000.0,720000.0,727000.0,765000.0,761000.0,788000.0,802000.0,807000.0,764000.0,794000.0,799000.0,836000.0
LVA,0.0,0.0,0.0,0.0,0.0,0.0,0.0,0.0,0.0,0.0,0.0,0.0,0.0,0.0,0.0,0.0,0.0,0.0,0.0,0.0,0.0,0.0,0.0,0.0,0.0,0.0,0.0,0.0,1030.0,3800.0,8360.0,15000.0,28500.0,77100.0,167000.0,274000.0,401000.0,657000.0,917000.0,1220000.0,1540000.0,1870000.0,2180000.0,2220000.0,2300000.0,2300000.0,2310000.0,2310000.0,2630000.0,2560000.0,2380000.0,2590000.0,2650000.0,2460000.0,2070000.0,2070000.0
MAC,0.0,0.0,0.0,0.0,0.0,0.0,0.0,0.0,0.0,0.0,0.0,0.0,0.0,0.0,0.0,0.0,0.0,0.0,0.0,0.0,0.0,0.0,0.0,0.0,0.0,1360.0,2230.0,4850.0,10500.0,15100.0,21400.0,35900.0,44800.0,52800.0,82100.0,118000.0,141000.0,194000.0,276000.0,364000.0,432000.0,533000.0,636000.0,794000.0,933000.0,1040000.0,1120000.0,1350000.0,1610000.0,1720000.0,1860000.0,1900000.0,1970000.0,2050000.0,2180000.0,2180000.0
MAR,0.0,0.0,0.0,0.0,0.0,0.0,0.0,0.0,0.0,0.0,0.0,0.0,0.0,0.0,0.0,0.0,0.0,0.0,0.0,0.0,0.0,0.0,0.0,60.0,105.0,700.0,904.0,1500.0,3220.0,6730.0,13800.0,29500.0,42900.0,74500.0,117000.0,369000.0,2340000.0,4770000.0,6200000.0,7360000.0,9340000.0,12400000.0,16000000.0,20000000.0,22800000.0,25300000.0,32000000.0,36600000.0,39000000.0,42400000.0,44100000.0,43100000.0,41500000.0,43900000.0,44700000.0,46700000.0
MCO,0.0,0.0,0.0,0.0,0.0,0.0,0.0,0.0,0.0,0.0,0.0,0.0,0.0,0.0,0.0,0.0,0.0,0.0,0.0,0.0,0.0,0.0,0.0,0.0,0.0,0.0,0.0,0.0,0.0,1150.0,2560.0,3010.0,5400.0,7200.0,11500.0,13100.0,13900.0,14300.0,14900.0,15100.0,15800.0,17200.0,18300.0,20400.0,22000.0,23000.0,23400.0,31800.0,33200.0,35500.0,33700.0,34000.0,33300.0,33000.0,32700.0,33800.0
MDA,0.0,0.0,0.0,0.0,0.0,0.0,0.0,0.0,0.0,0.0,0.0,0.0,0.0,0.0,0.0,0.0,0.0,0.0,0.0,0.0,0.0,0.0,0.0,0.0,0.0,0.0,0.0,0.0,0.0,0.0,0.0,14.0,920.0,2200.0,7000.0,18000.0,139000.0,225000.0,338000.0,476000.0,787000.0,1090000.0,1360000.0,1880000.0,2420000.0,2140000.0,2550000.0,3220000.0,3580000.0,3700000.0,3740000.0,3710000.0,3790000.0,3750000.0,3640000.0,3610000.0
MDG,0.0,0.0,0.0,0.0,0.0,0.0,0.0,0.0,0.0,0.0,0.0,0.0,0.0,0.0,0.0,0.0,0.0,0.0,0.0,0.0,0.0,0.0,0.0,0.0,0.0,0.0,0.0,0.0,0.0,0.0,300.0,1300.0,2300.0,4100.0,12800.0,35800.0,63100.0,148000.0,163000.0,284000.0,334000.0,510000.0,1050000.0,2220000.0,4840000.0,6280000.0,7710000.0,8680000.0,8780000.0,8460000.0,9710000.0,10700000.0,8000000.0,8730000.0,10700000.0,10700000.0
MDV,0.0,0.0,0.0,0.0,0.0,0.0,0.0,0.0,0.0,0.0,0.0,0.0,0.0,0.0,0.0,0.0,0.0,0.0,0.0,0.0,0.0,0.0,0.0,0.0,0.0,0.0,0.0,0.0,0.0,0.0,0.0,0.0,20.0,1290.0,1610.0,2930.0,7640.0,18900.0,41900.0,66500.0,113000.0,204000.0,271000.0,314000.0,436000.0,458000.0,494000.0,530000.0,561000.0,625000.0,666000.0,740000.0,812000.0,900000.0,858000.0,828000.0
MEX,0.0,0.0,0.0,0.0,0.0,0.0,0.0,0.0,0.0,0.0,0.0,0.0,0.0,0.0,0.0,0.0,0.0,0.0,0.0,0.0,0.0,0.0,0.0,0.0,1500.0,8500.0,63900.0,161000.0,313000.0,386000.0,569000.0,689000.0,1020000.0,1740000.0,3350000.0,7730000.0,14100000.0,21800000.0,25900000.0,30100000.0,38500000.0,47100000.0,55400000.0,66600000.0,75300000.0,83200000.0,91400000.0,94600000.0,101000000.0,107000000.0,105000000.0,108000000.0,112000000.0,114000000.0,120000000.0,121000000.0
MHL,0.0,0.0,0.0,0.0,0.0,0.0,0.0,0.0,0.0,0.0,0.0,0.0,0.0,0.0,0.0,0.0,0.0,0.0,0.0,0.0,0.0,0.0,0.0,0.0,0.0,0.0,0.0,0.0,0.0,0.0,280.0,264.0,365.0,466.0,345.0,443.0,447.0,489.0,552.0,598.0,644.0,660.0,2308.8888888888887,3957.777777777778,5606.666666666667,7255.555555555556,8904.444444444445,10553.333333333334,12202.222222222223,13851.111111111111,15500.0,15500.0,15750.0,16000.0,16000.0,16000.0
MKD,0.0,0.0,0.0,0.0,0.0,0.0,0.0,0.0,0.0,0.0,0.0,0.0,0.0,0.0,0.0,0.0,0.0,0.0,0.0,0.0,0.0,0.0,0.0,0.0,0.0,0.0,0.0,0.0,0.0,0.0,0.0,0.0,1060.0,12400.0,30100.0,48700.0,116000.0,223000.0,365000.0,776000.0,986000.0,1130000.0,1260000.0,1790000.0,1970000.0,1940000.0,2150000.0,2210000.0,2240000.0,2240000.0,2220000.0,2080000.0,2050000.0,2010000.0,1970000.0,2060000.0
MLI,0.0,0.0,0.0,0.0,0.0,0.0,0.0,0.0,0.0,0.0,0.0,0.0,0.0,0.0,0.0,0.0,0.0,0.0,0.0,0.0,0.0,0.0,0.0,0.0,0.0,0.0,0.0,0.0,0.0,0.0,0.0,0.0,1190.0,2840.0,4470.0,6390.0,10400.0,24000.0,46000.0,247000.0,407000.0,762000.0,1510000.0,2530000.0,3440000.0,4460000.0,7440000.0,10800000.0,14600000.0,19700000.0,23500000.0,22700000.0,20200000.0,22000000.0,22000000.0,22000000.0
MLT,0.0,0.0,0.0,0.0,0.0,0.0,0.0,0.0,0.0,0.0,0.0,0.0,0.0,0.0,0.0,0.0,0.0,0.0,0.0,0.0,0.0,0.0,0.0,0.0,0.0,0.0,0.0,2280.0,3500.0,5300.0,7500.0,10800.0,12500.0,17700.0,22500.0,37500.0,114000.0,239000.0,277000.0,290000.0,306000.0,324000.0,347000.0,369000.0,386000.0,422000.0,456000.0,522000.0,532000.0,557000.0,546000.0,524000.0,585000.0,605000.0,616000.0,635000.0
MMR,0.0,0.0,0.0,0.0,0.0,0.0,0.0,0.0,0.0,0.0,0.0,0.0,0.0,0.0,0.0,0.0,0.0,0.0,0.0,0.0,0.0,0.0,0.0,0.0,0.0,0.0,0.0,0.0,0.0,643.0,1920.0,2770.0,7260.0,8490.0,8520.0,11400.0,13400.0,22700.0,48000.0,66500.0,92500.0,129000.0,214000.0,248000.0,367000.0,502000.0,594000.0,1240000.0,3730000.0,6830000.0,29000000.0,41000000.0,50600000.0,47900000.0,61100000.0,61100000.0
MNE,0.0,0.0,0.0,0.0,0.0,0.0,0.0,0.0,0.0,0.0,0.0,0.0,0.0,0.0,0.0,0.0,19360.0,38720.0,58080.0,77440.0,96800.0,116160.0,135520.0,154880.0,174240.0,193600.0,212960.0,232320.0,251680.0,271040.0,290400.0,309760.0,329120.0,348480.0,367840.0,387200.0,406560.0,425920.0,445280.0,464640.0,484000.0,543000.0,644000.0,900000.0,1160000.0,1290000.0,1170000.0,1160000.0,991000.0,994000.0,1010000.0,1010000.0,1040000.0,1040000.0,1130000.0,1150000.0
MNG,0.0,0.0,0.0,0.0,0.0,0.0,0.0,0.0,0.0,0.0,0.0,0.0,0.0,0.0,0.0,0.0,0.0,0.0,0.0,0.0,0.0,0.0,0.0,0.0,0.0,0.0,0.0,0.0,0.0,0.0,0.0,0.0,900.0,2000.0,9030.0,34600.0,155000.0,195000.0,216000.0,319000.0,429000.0,557000.0,775000.0,1190000.0,1760000.0,2250000.0,2510000.0,2940000.0,3380000.0,2880000.0,3030000.0,3070000.0,3370000.0,3890000.0,4220000.0,4420000.0
MNP,0.0,0.0,0.0,0.0,0.0,0.0,0.0,0.0,0.0,0.0,0.0,0.0,0.0,0.0,0.0,0.0,0.0,0.0,0.0,0.0,0.0,0.0,0.0,0.0,0.0,0.0,0.0,244.0,488.0,732.0,765.0,1200.0,1627.5,2055.0,2482.5,2910.0,3000.0,13200.0,17100.0,18600.0,20500.0,20500.0,20500.0,20500.0,20500.0,20500.0,20500.0,20500.0,20500.0,20500.0,20500.0,20500.0,20500.0,20500.0,20500.0,20500.0
MOZ,0.0,0.0,0.0,0.0,0.0,0.0,0.0,0.0,0.0,0.0,0.0,0.0,0.0,0.0,0.0,0.0,0.0,0.0,0.0,0.0,0.0,0.0,0.0,0.0,0.0,0.0,0.0,0.0,0.0,0.0,0.0,0.0,0.0,2500.0,6730.0,12200.0,51100.0,153000.0,255000.0,436000.0,708000.0,1500000.0,2340000.0,3080000.0,4410000.0,5970000.0,7220000.0,7860000.0,8800000.0,12400000.0,18500000.0,20100000.0,15000000.0,11900000.0,14100000.0,14100000.0
MRT,0.0,0.0,0.0,0.0,0.0,0.0,0.0,0.0,0.0,0.0,0.0,0.0,0.0,0.0,0.0,0.0,0.0,0.0,0.0,0.0,0.0,0.0,0.0,0.0,0.0,0.0,0.0,0.0,0.0,0.0,0.0,0.0,0.0,0.0,0.0,0.0,15300.0,110000.0,247000.0,351000.0,522000.0,746000.0,1060000.0,1410000.0,2090000.0,2180000.0,2780000.0,3310000.0,4030000.0,3990000.0,3750000.0,3640000.0,3610000.0,4070000.0,4570000.0,4710000.0
MUS,0.0,0.0,0.0,0.0,0.0,0.0,0.0,0.0,0.0,0.0,0.0,0.0,0.0,0.0,0.0,0.0,0.0,0.0,0.0,0.0,0.0,0.0,0.0,0.0,0.0,0.0,2200.0,2500.0,2910.0,4040.0,5710.0,11700.0,20800.0,42500.0,60400.0,102000.0,180000.0,272000.0,348000.0,462000.0,548000.0,657000.0,772000.0,929000.0,1030000.0,1090000.0,1190000.0,1290000.0,1490000.0,1530000.0,1650000.0,1760000.0,1810000.0,1840000.0,1920000.0,1920000.0
MWI,0.0,0.0,0.0,0.0,0.0,0.0,0.0,0.0,0.0,0.0,0.0,0.0,0.0,0.0,0.0,0.0,0.0,0.0,0.0,0.0,0.0,0.0,0.0,0.0,0.0,0.0,0.0,0.0,0.0,0.0,0.0,382.0,3700.0,7000.0,10500.0,22500.0,49000.0,55700.0,86000.0,135000.0,222000.0,421000.0,620000.0,1050000.0,1510000.0,2490000.0,3120000.0,3950000.0,4650000.0,5290000.0,5630000.0,6570000.0,7180000.0,7770000.0,7080000.0,8900000.0
MYS,0.0,0.0,0.0,0.0,0.0,0.0,0.0,0.0,0.0,0.0,0.0,0.0,0.0,0.0,0.0,0.0,0.0,0.0,0.0,0.0,0.0,5400.0,10800.0,17400.0,27300.0,39400.0,86600.0,130000.0,201000.0,340000.0,572000.0,1010000.0,1520000.0,2000000.0,2200000.0,2990000.0,5120000.0,7380000.0,9050000.0,11100000.0,14600000.0,19500000.0,19500000.0,23300000.0,27700000.0,30100000.0,33900000.0,36700000.0,41300000.0,43000000.0,44900000.0,44100000.0,43500000.0,42300000.0,42400000.0,44600000.0
NAM,0.0,0.0,0.0,0.0,0.0,0.0,0.0,0.0,0.0,0.0,0.0,0.0,0.0,0.0,0.0,0.0,0.0,0.0,0.0,0.0,0.0,0.0,0.0,0.0,0.0,0.0,0.0,0.0,0.0,0.0,0.0,3500.0,6640.0,12500.0,19500.0,30000.0,82000.0,107000.0,150000.0,224000.0,286000.0,449000.0,609000.0,800000.0,1050000.0,1630000.0,1950000.0,2190000.0,2150000.0,2730000.0,2670000.0,2550000.0,2660000.0,2680000.0,2760000.0,2820000.0
NCL,0.0,0.0,0.0,0.0,0.0,0.0,0.0,0.0,0.0,0.0,0.0,0.0,0.0,0.0,0.0,0.0,0.0,0.0,0.0,0.0,0.0,0.0,0.0,0.0,0.0,0.0,0.0,0.0,0.0,0.0,0.0,825.0,2060.0,5200.0,13000.0,25400.0,49900.0,67900.0,80000.0,97100.0,116000.0,134000.0,155000.0,176000.0,196000.0,210000.0,221000.0,227000.0,231000.0,241000.0,243000.0,260000.0,260000.0,260000.0,260000.0,260000.0
NER,0.0,0.0,0.0,0.0,0.0,0.0,0.0,0.0,0.0,0.0,0.0,0.0,0.0,0.0,0.0,0.0,0.0,0.0,0.0,0.0,0.0,0.0,0.0,0.0,0.0,0.0,0.0,0.0,0.0,0.0,0.0,0.0,0.0,98.0,1350.0,2190.0,2060.0,2130.0,57500.0,82400.0,172000.0,324000.0,483000.0,900000.0,1900000.0,2600000.0,3670000.0,4740000.0,5400000.0,7010000.0,8240000.0,8960000.0,7470000.0,8780000.0,8780000.0,8780000.0
NGA,0.0,0.0,0.0,0.0,0.0,0.0,0.0,0.0,0.0,0.0,0.0,0.0,0.0,0.0,0.0,0.0,0.0,0.0,0.0,0.0,0.0,0.0,0.0,0.0,0.0,0.0,0.0,0.0,0.0,9050.0,12800.0,13000.0,14000.0,15000.0,20000.0,25000.0,30000.0,266000.0,1570000.0,3150000.0,9150000.0,18600000.0,32300000.0,40400000.0,63000000.0,74500000.0,87300000.0,95200000.0,113000000.0,127000000.0,139000000.0,151000000.0,154000000.0,145000000.0,173000000.0,173000000.0
NIC,0.0,0.0,0.0,0.0,0.0,0.0,0.0,0.0,0.0,0.0,0.0,0.0,0.0,0.0,0.0,0.0,0.0,0.0,0.0,0.0,0.0,0.0,0.0,0.0,0.0,0.0,0.0,0.0,0.0,324.0,2180.0,4400.0,5100.0,7560.0,18300.0,44200.0,90300.0,165000.0,237000.0,467000.0,739000.0,1120000.0,1830000.0,2500000.0,3110000.0,3340000.0,3960000.0,4820000.0,5850000.0,6810000.0,7070000.0,7260000.0,7750000.0,8180000.0,7440000.0,5790000.0
NLD,0.0,0.0,0.0,0.0,0.0,0.0,0.0,0.0,0.0,0.0,0.0,0.0,0.0,0.0,0.0,0.0,0.0,0.0,0.0,0.0,2400.0,4800.0,15300.0,24200.0,33000.0,56000.0,79000.0,115000.0,166000.0,216000.0,321000.0,539000.0,1020000.0,1720000.0,3350000.0,6750000.0,10800000.0,12200000.0,12100000.0,13200000.0,14800000.0,15800000.0,17300000.0,19300000.0,20600000.0,20100000.0,19200000.0,19800000.0,19700000.0,19500000.0,19600000.0,20800000.0,20900000.0,20500000.0,21100000.0,21800000.0
NOR,0.0,0.0,0.0,0.0,0.0,0.0,0.0,0.0,0.0,0.0,0.0,0.0,0.0,0.0,0.0,0.0,0.0,1670.0,11100.0,23500.0,39000.0,63100.0,87100.0,120000.0,152000.0,168000.0,197000.0,234000.0,283000.0,371000.0,588000.0,981000.0,1260000.0,1680000.0,2070000.0,2660000.0,3220000.0,3590000.0,3790000.0,4060000.0,4520000.0,4750000.0,4870000.0,5040000.0,5210000.0,5350000.0,5600000.0,5730000.0,5800000.0,5690000.0,5740000.0,5710000.0,5730000.0,5720000.0,5720000.0,5720000.0
NPL,0.0,0.0,0.0,0.0,0.0,0.0,0.0,0.0,0.0,0.0,0.0,0.0,0.0,0.0,0.0,0.0,0.0,0.0,0.0,0.0,0.0,0.0,0.0,0.0,0.0,0.0,0.0,0.0,0.0,0.0,0.0,0.0,0.0,0.0,0.0,5500.0,10200.0,17300.0,21900.0,81900.0,117000.0,227000.0,1160000.0,3270000.0,4200000.0,5600000.0,9200000.0,13400000.0,16600000.0,21400000.0,23000000.0,27500000.0,32100000.0,36100000.0,39200000.0,39200000.0
NRU,0.0,0.0,0.0,0.0,0.0,0.0,0.0,0.0,0.0,0.0,0.0,0.0,0.0,0.0,0.0,0.0,0.0,0.0,0.0,0.0,0.0,0.0,0.0,0.0,0.0,0.0,0.0,0.0,0.0,150.0,450.0,500.0,600.0,750.0,850.0,1000.0,1200.0,1500.0,2022.2222222222222,2544.4444444444443,3066.6666666666665,3588.8888888888887,4111.111111111111,4633.333333333333,5155.555555555555,5677.777777777777,6200.0,6700.0,6800.0,7666.666666666667,8533.333333333334,9400.0,9900.0,10000.0,10000.0,10000.0
NZL,0.0,0.0,0.0,0.0,0.0,0.0,0.0,0.0,0.0,0.0,0.0,0.0,0.0,0.0,0.0,0.0,0.0,0.0,0.0,0.0,0.0,0.0,0.0,2400.0,10000.0,28900.0,54100.0,72300.0,100000.0,144000.0,239000.0,365000.0,493000.0,566000.0,790000.0,1400000.0,1540000.0,2290000.0,2450000.0,2600000.0,3030000.0,3530000.0,3800000.0,4250000.0,4620000.0,4700000.0,4710000.0,4820000.0,4920000.0,4770000.0,5100000.0,5600000.0,6100000.0,6400000.0,6400000.0,6400000.0
OMN,0.0,0.0,0.0,0.0,0.0,0.0,0.0,0.0,0.0,0.0,0.0,0.0,0.0,0.0,0.0,0.0,0.0,0.0,0.0,0.0,0.0,52.0,747.0,1160.0,1710.0,2100.0,2730.0,3670.0,4720.0,5620.0,6750.0,8050.0,15000.0,53000.0,98000.0,121000.0,162000.0,323000.0,463000.0,594000.0,806000.0,1330000.0,1820000.0,2500000.0,3220000.0,3970000.0,4610000.0,4810000.0,5280000.0,5620000.0,6190000.0,6650000.0,6870000.0,6940000.0,6440000.0,6380000.0
PAK,0.0,0.0,0.0,0.0,0.0,0.0,0.0,0.0,0.0,0.0,0.0,0.0,0.0,0.0,0.0,0.0,0.0,0.0,0.0,0.0,0.0,0.0,0.0,0.0,0.0,0.0,2000.0,8500.0,13500.0,16000.0,24700.0,41000.0,68000.0,135000.0,196000.0,266000.0,306000.0,743000.0,1700000.0,2400000.0,5020000.0,12800000.0,34500000.0,62900000.0,88000000.0,94300000.0,99200000.0,109000000.0,120000000.0,128000000.0,136000000.0,126000000.0,136000000.0,145000000.0,154000000.0,165000000.0
PAN,0.0,0.0,0.0,0.0,0.0,0.0,0.0,0.0,0.0,0.0,0.0,0.0,0.0,0.0,0.0,0.0,0.0,0.0,0.0,0.0,0.0,0.0,0.0,0.0,0.0,0.0,0.0,0.0,0.0,0.0,0.0,0.0,7000.0,23500.0,85900.0,233000.0,410000.0,475000.0,526000.0,692000.0,1260000.0,1750000.0,2170000.0,3010000.0,3920000.0,6070000.0,6650000.0,6740000.0,6210000.0,6200000.0,6910000.0,5740000.0,5140000.0,5280000.0,5720000.0,5600000.0
PER,0.0,0.0,0.0,0.0,0.0,0.0,0.0,0.0,0.0,0.0,0.0,0.0,0.0,0.0,0.0,0.0,0.0,0.0,0.0,0.0,0.0,0.0,0.0,0.0,0.0,0.0,1650.0,5700.0,21600.0,36300.0,52200.0,73500.0,201000.0,422000.0,743000.0,1010000.0,1270000.0,1790000.0,2310000.0,2930000.0,4090000.0,5580000.0,9120000.0,15400000.0,21000000.0,24700000.0,29100000.0,32500000.0,29400000.0,29800000.0,31900000.0,34200000.0,36900000.0,38900000.0,42200000.0,42200000.0
PHL,0.0,0.0,0.0,0.0,0.0,0.0,0.0,0.0,0.0,0.0,0.0,0.0,0.0,0.0,0.0,0.0,0.0,0.0,0.0,0.0,0.0,0.0,0.0,0.0,0.0,0.0,0.0,34600.0,56000.0,102000.0,172000.0,494000.0,959000.0,1340000.0,1730000.0,2850000.0,6450000.0,12200000.0,15400000.0,22500000.0,32900000.0,34800000.0,42900000.0,57300000.0,68100000.0,75600000.0,83200000.0,94200000.0,102000000.0,103000000.0,111000000.0,118000000.0,120000000.0,116000000.0,135000000.0,167000000.0
PLW,0.0,0.0,0.0,0.0,0.0,0.0,0.0,0.0,0.0,0.0,0.0,0.0,0.0,0.0,0.0,0.0,106.95652173913044,213.91304347826087,320.8695652173913,427.82608695652175,534.7826086956522,641.7391304347826,748.695652173913,855.6521739130435,962.608695652174,1069.5652173913045,1176.5217391304348,1283.4782608695652,1390.4347826086957,1497.391304347826,1604.3478260869565,1711.304347826087,1818.2608695652175,1925.217391304348,2032.1739130434783,2139.130434782609,2246.086956521739,2353.0434782608695,2460.0,3920.0,3920.0,6050.0,8350.0,10700.0,11700.0,12700.0,14500.0,15400.0,17200.0,17900.0,19100.0,23700.0,23700.0,23700.0,23700.0,23700.0
PNG,0.0,0.0,0.0,0.0,0.0,0.0,0.0,0.0,0.0,0.0,0.0,0.0,0.0,0.0,0.0,0.0,0.0,0.0,0.0,0.0,0.0,0.0,0.0,0.0,0.0,0.0,0.0,0.0,0.0,0.0,0.0,0.0,2290.0,3860.0,5560.0,7060.0,8560.0,10700.0,15000.0,17500.0,48300.0,75000.0,100000.0,300000.0,874000.0,1420000.0,1910000.0,2400000.0,2710000.0,3000000.0,3360000.0,3560000.0,3780000.0,4020000.0,4020000.0,4020000.0
POL,0.0,0.0,0.0,0.0,0.0,0.0,0.0,0.0,0.0,0.0,0.0,0.0,0.0,0.0,0.0,0.0,0.0,0.0,0.0,0.0,0.0,0.0,0.0,0.0,0.0,0.0,0.0,0.0,2200.0,15700.0,38900.0,75000.0,217000.0,812000.0,1930000.0,3960000.0,6750000.0,10000000.0,13900000.0,17400000.0,23100000.0,29200000.0,36700000.0,41400000.0,43900000.0,44800000.0,47000000.0,50200000.0,54100000.0,57000000.0,56900000.0,54500000.0,53000000.0,50500000.0,51100000.0,52300000.0
PRI,0.0,0.0,0.0,0.0,0.0,0.0,0.0,0.0,0.0,0.0,0.0,0.0,0.0,0.0,0.0,0.0,0.0,0.0,0.0,0.0,0.0,0.0,1960.0,3920.0,8700.0,11600.0,20400.0,33400.0,60000.0,95000.0,175000.0,287000.0,329000.0,367000.0,580000.0,814000.0,1320000.0,1630000.0,1650000.0,1710000.0,1850000.0,1990000.0,2200000.0,2430000.0,2540000.0,2710000.0,2930000.0,3110000.0,3050000.0,3090000.0,3210000.0,3200000.0,3250000.0,3390000.0,3330000.0,3370000.0
PRK,0.0,0.0,0.0,0.0,0.0,0.0,0.0,0.0,0.0,0.0,0.0,0.0,0.0,0.0,0.0,0.0,0.0,0.0,0.0,0.0,0.0,0.0,0.0,0.0,0.0,0.0,0.0,0.0,0.0,0.0,0.0,0.0,0.0,0.0,0.0,0.0,0.0,0.0,0.0,0.0,0.0,0.0,0.0,0.0,0.0,69300.0,432000.0,1000000.0,1700000.0,2420000.0,2800000.0,3240000.0,3610000.0,3810000.0,3810000.0,3810000.0
PRT,0.0,0.0,0.0,0.0,0.0,0.0,0.0,0.0,0.0,0.0,0.0,0.0,0.0,0.0,0.0,0.0,0.0,0.0,0.0,0.0,0.0,0.0,0.0,0.0,0.0,2780.0,6500.0,12600.0,37300.0,101000.0,174000.0,341000.0,664000.0,1510000.0,3070000.0,4670000.0,6660000.0,7980000.0,8670000.0,10000000.0,10600000.0,11400000.0,12200000.0,13500000.0,14000000.0,11800000.0,12200000.0,12300000.0,11900000.0,12000000.0,11900000.0,11700000.0,11600000.0,11800000.0,11900000.0,11900000.0
PRY,0.0,0.0,0.0,0.0,0.0,0.0,0.0,0.0,0.0,0.0,0.0,0.0,0.0,0.0,0.0,0.0,0.0,0.0,0.0,0.0,0.0,0.0,0.0,0.0,0.0,0.0,0.0,0.0,1500.0,3390.0,7660.0,15800.0,32900.0,84200.0,232000.0,436000.0,821000.0,1150000.0,1670000.0,1770000.0,1750000.0,1890000.0,3230000.0,4690000.0,5790000.0,5620000.0,5920000.0,6530000.0,6790000.0,7050000.0,7310000.0,7410000.0,7490000.0,7470000.0,7440000.0,7440000.0
PSE,0.0,0.0,0.0,0.0,0.0,0.0,0.0,0.0,0.0,0.0,0.0,0.0,0.0,0.0,0.0,0.0,0.0,0.0,0.0,0.0,0.0,0.0,0.0,0.0,0.0,0.0,0.0,0.0,0.0,0.0,0.0,1180.0,2360.0,3540.0,4720.0,5900.0,7080.0,176000.0,252000.0,264000.0,437000.0,568000.0,822000.0,1020000.0,1310000.0,1800000.0,2600000.0,2880000.0,3130000.0,3190000.0,3200000.0,3530000.0,3710000.0,4000000.0,4380000.0,4380000.0
PYF,0.0,0.0,0.0,0.0,0.0,0.0,0.0,0.0,0.0,0.0,0.0,0.0,0.0,0.0,0.0,0.0,0.0,0.0,0.0,0.0,0.0,0.0,0.0,0.0,0.0,0.0,0.0,0.0,0.0,0.0,0.0,1150.0,2720.0,5430.0,11100.0,21900.0,39900.0,67300.0,52300.0,60100.0,96000.0,120000.0,152000.0,175000.0,187000.0,208000.0,216000.0,223000.0,228000.0,243000.0,255000.0,268000.0,280000.0,288000.0,303000.0,303000.0
QAT,0.0,0.0,0.0,0.0,0.0,0.0,0.0,0.0,0.0,0.0,0.0,0.0,0.0,0.0,0.0,0.0,0.0,0.0,423.3333333333333,846.6666666666666,1270.0,1693.3333333333333,2116.6666666666665,2540.0,2963.333333333333,3386.6666666666665,3810.0,4060.0,4230.0,4290.0,11500.0,18500.0,28800.0,43500.0,65800.0,84400.0,121000.0,178000.0,267000.0,377000.0,490000.0,717000.0,920000.0,1260000.0,1430000.0,1950000.0,2190000.0,2300000.0,2600000.0,3310000.0,3310000.0,3740000.0,3650000.0,3990000.0,3950000.0,3920000.0
ROU,0.0,0.0,0.0,0.0,0.0,0.0,0.0,0.0,0.0,0.0,0.0,0.0,0.0,0.0,0.0,0.0,0.0,0.0,0.0,0.0,0.0,0.0,0.0,0.0,0.0,0.0,0.0,0.0,0.0,800.0,2780.0,9070.0,17000.0,201000.0,643000.0,1360000.0,2500000.0,3850000.0,5110000.0,7040000.0,10200000.0,13400000.0,16000000.0,20400000.0,24500000.0,25100000.0,24400000.0,23400000.0,22800000.0,22900000.0,22900000.0,23100000.0,22900000.0,22400000.0,22600000.0,22700000.0
RUS,0.0,0.0,0.0,0.0,0.0,0.0,0.0,0.0,0.0,0.0,0.0,0.0,0.0,0.0,0.0,0.0,0.0,0.0,0.0,0.0,0.0,0.0,0.0,0.0,0.0,0.0,0.0,300.0,6000.0,10000.0,27700.0,88500.0,223000.0,485000.0,747000.0,1370000.0,3260000.0,7750000.0,17600000.0,36100000.0,73700000.0,120000000.0,151000000.0,171000000.0,200000000.0,230000000.0,238000000.0,204000000.0,208000000.0,218000000.0,221000000.0,227000000.0,229000000.0,227000000.0,229000000.0,240000000.0
RWA,0.0,0.0,0.0,0.0,0.0,0.0,0.0,0.0,0.0,0.0,0.0,0.0,0.0,0.0,0.0,0.0,0.0,0.0,0.0,0.0,0.0,0.0,0.0,0.0,0.0,0.0,0.0,0.0,0.0,0.0,0.0,0.0,0.0,0.0,5000.0,11000.0,39000.0,65000.0,82400.0,131000.0,137000.0,223000.0,314000.0,635000.0,1320000.0,2430000.0,3550000.0,4450000.0,5690000.0,6690000.0,7750000.0,8760000.0,8920000.0,8820000.0,9700000.0,9660000.0
SAU,0.0,0.0,0.0,0.0,0.0,0.0,0.0,0.0,0.0,0.0,0.0,0.0,0.0,0.0,0.0,0.0,1354.5454545454545,2709.090909090909,4063.6363636363635,5418.181818181818,6772.727272727272,8127.272727272727,9481.818181818182,10836.363636363636,12190.90909090909,13545.454545454544,14900.0,15300.0,15800.0,15900.0,16000.0,16000.0,191000.0,332000.0,627000.0,837000.0,1380000.0,2530000.0,5010000.0,7240000.0,9180000.0,14200000.0,19700000.0,28400000.0,36000000.0,44900000.0,51600000.0,54000000.0,53000000.0,53100000.0,52700000.0,52800000.0,47900000.0,40200000.0,41300000.0,41300000.0
SDN,0.0,0.0,0.0,0.0,0.0,0.0,0.0,0.0,0.0,0.0,0.0,0.0,0.0,0.0,0.0,0.0,0.0,0.0,0.0,0.0,0.0,0.0,0.0,0.0,0.0,0.0,0.0,0.0,0.0,0.0,0.0,0.0,2200.0,3800.0,8600.0,13000.0,23000.0,104000.0,191000.0,527000.0,1050000.0,1830000.0,4680000.0,8220000.0,12000000.0,15300000.0,18100000.0,25100000.0,27700000.0,27700000.0,27800000.0,27900000.0,27800000.0,28600000.0,30100000.0,33000000.0
SEN,0.0,0.0,0.0,0.0,0.0,0.0,0.0,0.0,0.0,0.0,0.0,0.0,0.0,0.0,0.0,0.0,0.0,0.0,0.0,0.0,0.0,0.0,0.0,0.0,0.0,0.0,0.0,0.0,0.0,0.0,98.0,122.0,1410.0,6940.0,27500.0,87900.0,250000.0,302000.0,553000.0,782000.0,1120000.0,1730000.0,2980000.0,3630000.0,5390000.0,6900000.0,8340000.0,9350000.0,11500000.0,13100000.0,14400000.0,15000000.0,15200000.0,15800000.0,16600000.0,17900000.0
SGP,0.0,0.0,0.0,0.0,0.0,0.0,0.0,0.0,0.0,0.0,0.0,0.0,0.0,0.0,0.0,0.0,0.0,0.0,0.0,0.0,2160.0,4320.0,6480.0,8640.0,10800.0,26300.0,51700.0,81900.0,120000.0,179000.0,236000.0,306000.0,431000.0,849000.0,1090000.0,1630000.0,2750000.0,2990000.0,3310000.0,3580000.0,3990000.0,4380000.0,4790000.0,5920000.0,6410000.0,6880000.0,7380000.0,7790000.0,8070000.0,8440000.0,8100000.0,8230000.0,8460000.0,8380000.0,8570000.0,9080000.0
SLB,0.0,0.0,0.0,0.0,0.0,0.0,0.0,0.0,0.0,0.0,0.0,0.0,0.0,0.0,0.0,0.0,0.0,0.0,0.0,0.0,0.0,0.0,0.0,0.0,0.0,0.0,0.0,0.0,0.0,0.0,144.0,230.0,337.0,658.0,702.0,1090.0,1150.0,967.0,999.0,1060.0,3000.0,6000.0,7000.0,10900.0,30000.0,50000.0,116000.0,275000.0,302000.0,323000.0,377000.0,425000.0,417000.0,465000.0,482000.0,478000.0
SLE,0.0,0.0,0.0,0.0,0.0,0.0,0.0,0.0,0.0,0.0,0.0,0.0,0.0,0.0,0.0,0.0,0.0,0.0,0.0,0.0,0.0,0.0,0.0,0.0,0.0,0.0,0.0,0.0,0.0,0.0,0.0,0.0,0.0,0.0,0.0,0.0,11900.0,26900.0,67000.0,113000.0,278750.0,444500.0,610250.0,776000.0,1010000.0,1160000.0,2000000.0,2140000.0,2210000.0,4000000.0,4760000.0,5660000.0,6280000.0,6630000.0,6360000.0,6730000.0
SLV,0.0,0.0,0.0,0.0,0.0,0.0,0.0,0.0,0.0,0.0,0.0,0.0,0.0,0.0,0.0,0.0,0.0,0.0,0.0,0.0,0.0,0.0,0.0,0.0,0.0,0.0,0.0,0.0,0.0,1630.0,4870.0,13500.0,23300.0,40200.0,137000.0,511000.0,744000.0,858000.0,889000.0,1150000.0,1830000.0,2410000.0,3850000.0,6140000.0,6950000.0,7570000.0,7700000.0,8320000.0,8650000.0,8990000.0,9190000.0,9330000.0,9640000.0,9480000.0,9430000.0,9430000.0
SMR,0.0,0.0,0.0,0.0,0.0,0.0,0.0,0.0,0.0,0.0,0.0,0.0,0.0,0.0,0.0,0.0,0.0,0.0,0.0,0.0,0.0,0.0,0.0,0.0,0.0,0.0,0.0,450.0,900.0,1300.0,1900.0,2340.0,2280.0,2350.0,4980.0,9580.0,14500.0,15900.0,16800.0,16900.0,17100.0,17100.0,17400.0,17500.0,24400.0,29900.0,30600.0,35500.0,36000.0,36800.0,37600.0,36600.0,36600.0,38000.0,38500.0,38800.0
SOM,0.0,0.0,0.0,0.0,0.0,0.0,0.0,0.0,0.0,0.0,0.0,0.0,0.0,0.0,0.0,0.0,0.0,0.0,0.0,0.0,0.0,0.0,0.0,0.0,0.0,0.0,0.0,0.0,0.0,0.0,0.0,0.0,0.0,0.0,0.0,0.0,80000.0,85000.0,100000.0,200000.0,500000.0,500000.0,550000.0,600000.0,627000.0,641000.0,648000.0,1800000.0,2300000.0,5180000.0,5500000.0,5840000.0,6650000.0,7120000.0,7650000.0,7650000.0
SRB,0.0,0.0,0.0,0.0,0.0,0.0,0.0,0.0,0.0,0.0,0.0,0.0,0.0,0.0,0.0,0.0,189200.0,378400.0,567600.0,756800.0,946000.0,1135200.0,1324400.0,1513600.0,1702800.0,1892000.0,2081200.0,2270400.0,2459600.0,2648800.0,2838000.0,3027200.0,3216400.0,3405600.0,3594800.0,3784000.0,3973200.0,4162400.0,4351600.0,4540800.0,4730000.0,5510000.0,6640000.0,8450000.0,9620000.0,9910000.0,9920000.0,10200000.0,9140000.0,9200000.0,9340000.0,9160000.0,9090000.0,8620000.0,8430000.0,8450000.0
SSD,0.0,0.0,0.0,0.0,0.0,0.0,0.0,0.0,0.0,0.0,0.0,0.0,0.0,0.0,0.0,0.0,48387.096774193546,96774.19354838709,145161.29032258064,193548.38709677418,241935.48387096773,290322.5806451613,338709.6774193548,387096.77419354836,435483.87096774194,483870.96774193546,532258.064516129,580645.1612903225,629032.2580645161,677419.3548387096,725806.4516129032,774193.5483870967,822580.6451612903,870967.7419354839,919354.8387096773,967741.9354838709,1016129.0322580645,1064516.129032258,1112903.2258064516,1161290.322580645,1209677.4193548386,1258064.5161290322,1306451.6129032257,1354838.7096774192,1403225.8064516129,1451612.9032258063,1500000.0,1800000.0,2300000.0,2850000.0,2880000.0,2900000.0,2700000.0,2790000.0,3670000.0,3670000.0
STP,0.0,0.0,0.0,0.0,0.0,0.0,0.0,0.0,0.0,0.0,0.0,0.0,0.0,0.0,0.0,0.0,0.0,0.0,0.0,0.0,0.0,0.0,0.0,0.0,0.0,0.0,0.0,0.0,0.0,0.0,0.0,0.0,0.0,0.0,0.0,0.0,0.0,0.0,1980.0,4820.0,7750.0,12000.0,18400.0,30100.0,50600.0,80800.0,103000.0,115000.0,122000.0,125000.0,129000.0,185000.0,178000.0,174000.0,163000.0,166000.0
SUR,0.0,0.0,0.0,0.0,0.0,0.0,0.0,0.0,0.0,0.0,0.0,0.0,0.0,0.0,0.0,0.0,0.0,0.0,0.0,0.0,0.0,0.0,0.0,0.0,0.0,0.0,0.0,0.0,0.0,1080.0,1380.0,1690.0,2420.0,2260.0,6010.0,17500.0,41000.0,87000.0,108000.0,169000.0,213000.0,233000.0,320000.0,380000.0,657000.0,764000.0,521000.0,534000.0,569000.0,869000.0,928000.0,750000.0,807000.0,796000.0,752000.0,814000.0
SVK,0.0,0.0,0.0,0.0,0.0,0.0,0.0,0.0,0.0,0.0,0.0,0.0,0.0,0.0,0.0,0.0,0.0,0.0,0.0,0.0,0.0,0.0,0.0,0.0,0.0,0.0,0.0,119.0,1540.0,3130.0,5950.0,12300.0,28700.0,200000.0,465000.0,664000.0,1240000.0,2150000.0,2920000.0,3680000.0,4280000.0,4540000.0,4890000.0,6070000.0,5520000.0,5500000.0,5930000.0,5980000.0,6090000.0,6210000.0,6380000.0,6680000.0,6990000.0,7120000.0,7240000.0,7400000.0
SVN,0.0,0.0,0.0,0.0,0.0,0.0,0.0,0.0,0.0,0.0,0.0,0.0,0.0,0.0,0.0,0.0,0.0,0.0,0.0,0.0,0.0,0.0,0.0,0.0,0.0,0.0,0.0,523.0,3500.0,6500.0,16300.0,27300.0,41200.0,93600.0,162000.0,631000.0,1220000.0,1470000.0,1670000.0,1740000.0,1850000.0,1760000.0,1820000.0,1930000.0,2050000.0,2100000.0,2120000.0,2170000.0,2240000.0,2280000.0,2330000.0,2350000.0,2390000.0,2440000.0,2470000.0,2510000.0
SWE,0.0,0.0,0.0,0.0,0.0,0.0,0.0,0.0,0.0,0.0,0.0,0.0,0.0,0.0,0.0,0.0,0.0,20400.0,27200.0,36300.0,57900.0,73000.0,113000.0,173000.0,243000.0,349000.0,461000.0,568000.0,656000.0,775000.0,1380000.0,2010000.0,2490000.0,3170000.0,4110000.0,5130000.0,6370000.0,7180000.0,7950000.0,8800000.0,8790000.0,9100000.0,9610000.0,10100000.0,10000000.0,10400000.0,11000000.0,11500000.0,11800000.0,12000000.0,12300000.0,12600000.0,12500000.0,12500000.0,12600000.0,12700000.0
SWZ,0.0,0.0,0.0,0.0,0.0,0.0,0.0,0.0,0.0,0.0,0.0,0.0,0.0,0.0,0.0,0.0,0.0,0.0,0.0,0.0,0.0,0.0,0.0,0.0,0.0,0.0,0.0,0.0,0.0,0.0,0.0,0.0,0.0,0.0,4700.0,14000.0,33000.0,55000.0,68000.0,85000.0,145000.0,200000.0,250000.0,380000.0,532000.0,664000.0,726000.0,767000.0,805000.0,893000.0,917000.0,941000.0,995000.0,1050000.0,1050000.0,1050000.0
SXM,0.0,0.0,0.0,0.0,0.0,0.0,0.0,0.0,0.0,0.0,0.0,0.0,0.0,0.0,0.0,0.0,2084.848484848485,4169.69696969697,6254.545454545455,8339.39393939394,10424.242424242424,12509.09090909091,14593.939393939396,16678.78787878788,18763.636363636364,20848.484848484848,22933.333333333336,25018.18181818182,27103.030303030304,29187.87878787879,31272.727272727276,33357.57575757576,35442.42424242425,37527.27272727273,39612.121212121216,41696.969696969696,43781.818181818184,45866.66666666667,47951.51515151515,50036.36363636364,52121.21212121213,54206.06060606061,56290.909090909096,58375.75757575758,60460.606060606064,62545.45454545455,64630.30303030303,66715.15151515152,68800.0,68800.0,68800.0,68800.0,68800.0,68800.0,68800.0,68800.0
SYC,0.0,0.0,0.0,0.0,0.0,0.0,0.0,0.0,0.0,0.0,0.0,0.0,0.0,0.0,0.0,0.0,0.0,0.0,0.0,0.0,0.0,0.0,0.0,0.0,0.0,0.0,0.0,0.0,0.0,0.0,0.0,50.0,1040.0,2250.0,5190.0,16300.0,26000.0,36700.0,44700.0,49200.0,54400.0,58800.0,70300.0,77300.0,93500.0,111000.0,118000.0,127000.0,136000.0,137000.0,151000.0,148000.0,152000.0,167000.0,179000.0,194000.0
SYR,0.0,0.0,0.0,0.0,0.0,0.0,0.0,0.0,0.0,0.0,0.0,0.0,0.0,0.0,0.0,0.0,0.0,0.0,0.0,0.0,0.0,0.0,0.0,0.0,0.0,0.0,0.0,0.0,0.0,0.0,0.0,0.0,0.0,0.0,0.0,4000.0,30000.0,200000.0,400000.0,1190000.0,2350000.0,2950000.0,4670000.0,6230000.0,7060000.0,10000000.0,11700000.0,12900000.0,13000000.0,12300000.0,14000000.0,14300000.0,13300000.0,15400000.0,17100000.0,19400000.0
TCA,0.0,0.0,0.0,0.0,0.0,0.0,0.0,0.0,0.0,0.0,0.0,0.0,0.0,0.0,0.0,0.0,0.0,0.0,0.0,0.0,0.0,0.0,0.0,0.0,0.0,0.0,0.0,0.0,0.0,0.0,0.0,0.0,0.0,1508.3333333333333,3016.6666666666665,4525.0,6033.333333333333,7541.666666666666,9050.0,19400.0,25100.0,25100.0,25100.0,25100.0,25100.0,25100.0,25100.0,25100.0,25100.0,25100.0,25100.0,25100.0,25100.0,25100.0,25100.0,25100.0
TCD,0.0,0.0,0.0,0.0,0.0,0.0,0.0,0.0,0.0,0.0,0.0,0.0,0.0,0.0,0.0,0.0,0.0,0.0,0.0,0.0,0.0,0.0,0.0,0.0,0.0,0.0,0.0,0.0,0.0,0.0,0.0,0.0,0.0,0.0,0.0,0.0,5500.0,22000.0,34200.0,65000.0,123000.0,210000.0,466000.0,918000.0,1600000.0,2280000.0,2880000.0,3670000.0,4400000.0,4560000.0,5250000.0,5470000.0,5590000.0,6370000.0,6980000.0,7660000.0
TGO,0.0,0.0,0.0,0.0,0.0,0.0,0.0,0.0,0.0,0.0,0.0,0.0,0.0,0.0,0.0,0.0,0.0,0.0,0.0,0.0,0.0,0.0,0.0,0.0,0.0,0.0,0.0,0.0,0.0,0.0,0.0,0.0,0.0,3000.0,7500.0,17000.0,50000.0,95000.0,165000.0,244000.0,333000.0,434000.0,708000.0,1190000.0,1550000.0,2190000.0,2600000.0,2700000.0,3310000.0,4260000.0,4520000.0,4860000.0,5510000.0,6070000.0,6140000.0,6240000.0
THA,0.0,0.0,0.0,0.0,0.0,0.0,0.0,0.0,0.0,0.0,0.0,0.0,0.0,0.0,0.0,0.0,0.0,0.0,0.0,0.0,0.0,0.0,821.0,5880.0,17600.0,39900.0,63200.0,124000.0,251000.0,414000.0,737000.0,1300000.0,1840000.0,2200000.0,1980000.0,2340000.0,3060000.0,7550000.0,17400000.0,21600000.0,27000000.0,30500000.0,40100000.0,53000000.0,61800000.0,66000000.0,71700000.0,77400000.0,85000000.0,93800000.0,97100000.0,103000000.0,120000000.0,122000000.0,125000000.0,130000000.0
TJK,0.0,0.0,0.0,0.0,0.0,0.0,0.0,0.0,0.0,0.0,0.0,0.0,0.0,0.0,0.0,0.0,0.0,0.0,0.0,0.0,0.0,0.0,0.0,0.0,0.0,0.0,0.0,0.0,0.0,0.0,0.0,0.0,102.0,320.0,420.0,625.0,1160.0,1630.0,13200.0,47600.0,135000.0,265000.0,2150000.0,2130000.0,3670000.0,4900000.0,5940000.0,6320000.0,6530000.0,7540000.0,8000000.0,8490000.0,9400000.0,9900000.0,9900000.0,9900000.0
TKM,0.0,0.0,0.0,0.0,0.0,0.0,0.0,0.0,0.0,0.0,0.0,0.0,0.0,0.0,0.0,0.0,0.0,0.0,0.0,0.0,0.0,0.0,0.0,0.0,0.0,0.0,0.0,0.0,0.0,0.0,0.0,0.0,0.0,2500.0,3000.0,4000.0,7500.0,8170.0,8170.0,9190.0,50100.0,105000.0,217000.0,382000.0,1140000.0,2130000.0,3200000.0,5300000.0,5900000.0,6130000.0,7210000.0,7840000.0,8570000.0,9380000.0,9380000.0,9380000.0
TLS,0.0,0.0,0.0,0.0,0.0,0.0,0.0,0.0,0.0,0.0,0.0,0.0,0.0,0.0,0.0,0.0,0.0,0.0,0.0,0.0,0.0,0.0,0.0,0.0,0.0,0.0,0.0,1546.1538461538462,3092.3076923076924,4638.461538461539,6184.615384615385,7730.7692307692305,9276.923076923078,10823.076923076924,12369.23076923077,13915.384615384615,15461.538461538461,17007.69230769231,18553.846153846156,20100.0,25700.0,33100.0,49100.0,78200.0,125000.0,351000.0,473000.0,614000.0,621000.0,650000.0,1380000.0,1380000.0,1490000.0,1560000.0,1470000.0,1430000.0
TON,0.0,0.0,0.0,0.0,0.0,0.0,0.0,0.0,0.0,0.0,0.0,0.0,0.0,0.0,0.0,0.0,0.0,0.0,0.0,0.0,0.0,0.0,0.0,0.0,0.0,0.0,0.0,0.0,0.0,0.0,0.0,300.0,302.0,120.0,130.0,140.0,180.0,236.0,3350.0,11200.0,16400.0,29900.0,30100.0,46500.0,50500.0,53000.0,54300.0,55000.0,56000.0,57500.0,68000.0,73500.0,80000.0,108000.0,108000.0,62100.0
TTO,0.0,0.0,0.0,0.0,0.0,0.0,0.0,0.0,0.0,0.0,0.0,0.0,0.0,0.0,0.0,0.0,0.0,0.0,0.0,0.0,0.0,0.0,0.0,0.0,0.0,0.0,0.0,426.0,1280.0,1680.0,2600.0,6350.0,9530.0,17100.0,26300.0,38700.0,162000.0,256000.0,263000.0,336000.0,651000.0,924000.0,1520000.0,1510000.0,1810000.0,1850000.0,1890000.0,1830000.0,1880000.0,1940000.0,1980000.0,2120000.0,2170000.0,2030000.0,1970000.0,2160000.0
TUN,0.0,0.0,0.0,0.0,0.0,0.0,0.0,0.0,0.0,0.0,0.0,0.0,0.0,0.0,0.0,0.0,0.0,0.0,0.0,0.0,0.0,74.66666666666667,149.33333333333334,224.0,401.0,636.0,953.0,1240.0,1970.0,2270.0,2710.0,3190.0,6500.0,7660.0,39000.0,55300.0,119000.0,389000.0,574000.0,1920000.0,3740000.0,5680000.0,7340000.0,7840000.0,8600000.0,9800000.0,11100000.0,12400000.0,12800000.0,12700000.0,14300000.0,14600000.0,14300000.0,14300000.0,14800000.0,14800000.0
TUR,0.0,0.0,0.0,0.0,0.0,0.0,0.0,0.0,0.0,0.0,0.0,0.0,0.0,0.0,0.0,0.0,0.0,0.0,0.0,0.0,0.0,0.0,365.0,5100.0,9850.0,15600.0,31800.0,47800.0,61400.0,84200.0,175000.0,437000.0,806000.0,1610000.0,3510000.0,8120000.0,16100000.0,19600000.0,23300000.0,27900000.0,34700000.0,43600000.0,52700000.0,62000000.0,65800000.0,62800000.0,61800000.0,65300000.0,67700000.0,69700000.0,71900000.0,73600000.0,75100000.0,77800000.0,80100000.0,80800000.0
TUV,0.0,0.0,0.0,0.0,0.0,0.0,0.0,0.0,0.0,0.0,0.0,0.0,0.0,0.0,0.0,0.0,0.0,0.0,0.0,0.0,0.0,0.0,0.0,0.0,0.0,0.0,0.0,0.0,0.0,0.0,0.0,0.0,0.0,0.0,0.0,0.0,0.0,0.0,0.0,0.0,500.0,1300.0,1600.0,1800.0,1400.0,1000.0,1600.0,2130.0,2800.0,3400.0,3800.0,6600.0,7600.0,8000.0,8000.0,8000.0
TZA,0.0,0.0,0.0,0.0,0.0,0.0,0.0,0.0,0.0,0.0,0.0,0.0,0.0,0.0,0.0,0.0,0.0,0.0,0.0,0.0,0.0,0.0,0.0,0.0,0.0,0.0,0.0,0.0,0.0,0.0,371.0,3500.0,9040.0,20200.0,37900.0,51000.0,111000.0,276000.0,607000.0,1300000.0,1940000.0,2960000.0,5610000.0,8250000.0,13000000.0,17500000.0,21000000.0,25700000.0,27200000.0,27400000.0,31900000.0,39700000.0,40000000.0,40000000.0,43500000.0,47700000.0
UGA,0.0,0.0,0.0,0.0,0.0,0.0,0.0,0.0,0.0,0.0,0.0,0.0,0.0,0.0,0.0,0.0,0.0,0.0,0.0,0.0,0.0,0.0,0.0,0.0,0.0,0.0,0.0,0.0,0.0,0.0,0.0,1750.0,4000.0,5000.0,30000.0,56400.0,127000.0,284000.0,393000.0,776000.0,1170000.0,1320000.0,2010000.0,4200000.0,8550000.0,9380000.0,12800000.0,16700000.0,16400000.0,18100000.0,20400000.0,20200000.0,22800000.0,24900000.0,24500000.0,24500000.0
UKR,0.0,0.0,0.0,0.0,0.0,0.0,0.0,0.0,0.0,0.0,0.0,0.0,0.0,0.0,0.0,0.0,0.0,0.0,0.0,0.0,0.0,0.0,0.0,0.0,0.0,0.0,0.0,0.0,0.0,65.0,5000.0,14000.0,30000.0,57200.0,116000.0,217000.0,819000.0,2220000.0,3690000.0,6500000.0,13700000.0,30000000.0,49100000.0,55200000.0,55700000.0,54900000.0,53900000.0,55600000.0,59300000.0,62500000.0,61200000.0,60700000.0,56700000.0,55700000.0,53900000.0,54800000.0
URY,0.0,0.0,0.0,0.0,0.0,0.0,0.0,0.0,0.0,0.0,0.0,0.0,0.0,0.0,0.0,0.0,0.0,0.0,0.0,0.0,0.0,0.0,0.0,0.0,0.0,0.0,0.0,0.0,1710.0,4970.0,6830.0,39900.0,78600.0,99200.0,151000.0,319000.0,411000.0,520000.0,514000.0,498000.0,600000.0,1150000.0,2330000.0,3000000.0,3510000.0,4110000.0,4440000.0,4760000.0,5000000.0,5270000.0,5500000.0,5170000.0,5120000.0,5100000.0,5170000.0,4780000.0
USA,0.0,0.0,0.0,0.0,0.0,0.0,0.0,0.0,0.0,0.0,0.0,0.0,0.0,0.0,0.0,0.0,0.0,22900.0,45800.0,68700.0,91600.0,340000.0,682000.0,1230000.0,2070000.0,3510000.0,5280000.0,7560000.0,11000000.0,16000000.0,24100000.0,33800000.0,44000000.0,55300000.0,69200000.0,86000000.0,109000000.0,129000000.0,142000000.0,161000000.0,185000000.0,204000000.0,230000000.0,249000000.0,261000000.0,274000000.0,285000000.0,297000000.0,305000000.0,311000000.0,356000000.0,382000000.0,396000000.0,400000000.0,422000000.0,422000000.0
UZB,0.0,0.0,0.0,0.0,0.0,0.0,0.0,0.0,0.0,0.0,0.0,0.0,0.0,0.0,0.0,0.0,0.0,0.0,0.0,0.0,0.0,0.0,0.0,0.0,0.0,0.0,0.0,0.0,0.0,500.0,902.0,3730.0,9510.0,17200.0,26800.0,40400.0,53100.0,128000.0,187000.0,321000.0,544000.0,720000.0,2530000.0,5690000.0,12400000.0,16400000.0,21000000.0,25400000.0,20300000.0,21500000.0,21600000.0,21800000.0,23300000.0,24300000.0,23200000.0,33400000.0
VCT,0.0,0.0,0.0,0.0,0.0,0.0,0.0,0.0,0.0,0.0,0.0,0.0,0.0,0.0,0.0,0.0,0.0,0.0,0.0,0.0,0.0,0.0,0.0,0.0,0.0,0.0,0.0,35.0,70.0,83.0,150.0,215.0,280.0,346.0,750.0,1420.0,2360.0,7490.0,9980.0,62900.0,72000.0,70600.0,87600.0,110000.0,130000.0,121000.0,132000.0,132000.0,127000.0,125000.0,115000.0,113000.0,113000.0,116000.0,106000.0,103000.0
VEN,0.0,0.0,0.0,0.0,0.0,0.0,0.0,0.0,0.0,0.0,0.0,0.0,0.0,0.0,0.0,0.0,0.0,0.0,0.0,0.0,0.0,0.0,0.0,0.0,1800.0,3690.0,7420.0,16600.0,78600.0,183000.0,319000.0,404000.0,582000.0,1070000.0,2010000.0,3780000.0,5450000.0,6470000.0,6540000.0,7020000.0,8420000.0,12500000.0,18800000.0,23800000.0,27400000.0,28100000.0,27900000.0,28800000.0,30600000.0,30900000.0,30500000.0,29100000.0,27600000.0,24500000.0,20700000.0,16600000.0
VGB,0.0,0.0,0.0,0.0,0.0,0.0,0.0,0.0,0.0,0.0,0.0,0.0,0.0,0.0,0.0,0.0,0.0,0.0,0.0,0.0,0.0,0.0,0.0,0.0,0.0,0.0,0.0,200.0,400.0,600.0,800.0,1000.0,1200.0,2333.333333333333,3466.6666666666665,4600.0,5733.333333333333,6866.666666666666,8000.0,10540.0,13080.0,15620.0,18160.0,20700.0,23000.0,47000.0,47500.0,46600.0,48700.0,53400.0,54800.0,57200.0,39700.0,44000.0,40000.0,40000.0
VIR,0.0,0.0,0.0,0.0,0.0,0.0,0.0,0.0,0.0,0.0,0.0,0.0,0.0,0.0,0.0,0.0,0.0,0.0,0.0,0.0,0.0,0.0,0.0,0.0,0.0,0.0,0.0,2285.714285714286,4571.428571428572,6857.142857142857,9142.857142857143,11428.57142857143,13714.285714285714,16000.0,25000.0,30000.0,35000.0,41000.0,45100.0,49300.0,64200.0,80300.0,80300.0,80300.0,80300.0,80300.0,80300.0,80300.0,80300.0,80300.0,80300.0,80300.0,80300.0,80300.0,80300.0,80300.0
VNM,0.0,0.0,0.0,0.0,0.0,0.0,0.0,0.0,0.0,0.0,0.0,0.0,0.0,0.0,0.0,0.0,0.0,0.0,0.0,0.0,0.0,0.0,0.0,0.0,0.0,0.0,0.0,0.0,800.0,4060.0,12500.0,23500.0,68900.0,160000.0,223000.0,329000.0,789000.0,1250000.0,1900000.0,2740000.0,4960000.0,9590000.0,18900000.0,45000000.0,74900000.0,98200000.0,112000000.0,127000000.0,132000000.0,124000000.0,136000000.0,120000000.0,121000000.0,120000000.0,141000000.0,136000000.0
VUT,0.0,0.0,0.0,0.0,0.0,0.0,0.0,0.0,0.0,0.0,0.0,0.0,0.0,0.0,0.0,0.0,0.0,0.0,0.0,0.0,0.0,0.0,0.0,0.0,0.0,0.0,0.0,0.0,0.0,0.0,64.0,121.0,154.0,207.0,220.0,300.0,365.0,350.0,4900.0,7800.0,10500.0,12700.0,15000.0,26000.0,36000.0,132000.0,170000.0,137000.0,146000.0,127000.0,156000.0,175000.0,219000.0,228000.0,251000.0,265000.0
WSM,0.0,0.0,0.0,0.0,0.0,0.0,0.0,0.0,0.0,0.0,0.0,0.0,0.0,0.0,0.0,0.0,0.0,0.0,0.0,0.0,0.0,0.0,0.0,0.0,0.0,0.0,0.0,0.0,0.0,0.0,0.0,0.0,0.0,766.0,1480.0,2430.0,2500.0,2500.0,2700.0,10500.0,16000.0,24000.0,45500.0,86000.0,87333.33333333333,88666.66666666667,90000.0,95000.0,100000.0,99900.0,107000.0,121000.0,151000.0,124000.0,124000.0,124000.0
XKX,0.0,0.0,0.0,0.0,0.0,0.0,0.0,0.0,0.0,0.0,0.0,0.0,0.0,0.0,0.0,0.0,21615.384615384617,43230.769230769234,64846.15384615385,86461.53846153847,108076.92307692309,129692.3076923077,151307.6923076923,172923.07692307694,194538.46153846156,216153.84615384619,237769.23076923078,259384.6153846154,281000.0,302615.3846153846,324230.76923076925,345846.1538461539,367461.5384615385,389076.9230769231,410692.30769230775,432307.69230769237,453923.07692307694,475538.46153846156,497153.8461538462,518769.2307692308,540384.6153846154,562000.0,562000.0,562000.0,562000.0,562000.0,562000.0,562000.0,562000.0,562000.0,562000.0,562000.0,562000.0,562000.0,562000.0,562000.0
YEM,0.0,0.0,0.0,0.0,0.0,0.0,0.0,0.0,0.0,0.0,0.0,0.0,0.0,0.0,0.0,0.0,0.0,0.0,0.0,0.0,0.0,0.0,0.0,0.0,0.0,0.0,0.0,0.0,1550.0,5170.0,8190.0,8250.0,8810.0,12200.0,16100.0,27700.0,32000.0,148000.0,487000.0,675000.0,1480000.0,2280000.0,2980000.0,4350000.0,6450000.0,8310000.0,11100000.0,11700000.0,13900000.0,16800000.0,17100000.0,15000000.0,16400000.0,15400000.0,15300000.0,15300000.0
ZAF,0.0,0.0,0.0,0.0,0.0,0.0,0.0,0.0,0.0,0.0,0.0,0.0,0.0,0.0,0.0,0.0,0.0,0.0,0.0,0.0,0.0,0.0,0.0,0.0,0.0,3980.0,5680.0,7100.0,12500.0,40000.0,340000.0,535000.0,953000.0,1840000.0,3340000.0,5190000.0,8340000.0,10800000.0,13700000.0,16900000.0,20800000.0,34000000.0,39700000.0,42300000.0,45000000.0,46400000.0,50400000.0,64000000.0,68400000.0,76900000.0,79300000.0,88000000.0,82400000.0,88500000.0,92400000.0,97000000.0
ZMB,0.0,0.0,0.0,0.0,0.0,0.0,0.0,0.0,0.0,0.0,0.0,0.0,0.0,0.0,0.0,0.0,0.0,0.0,0.0,0.0,0.0,0.0,0.0,0.0,0.0,0.0,0.0,0.0,0.0,0.0,0.0,1550.0,2720.0,4550.0,8260.0,28200.0,98900.0,121000.0,139000.0,241000.0,464000.0,950000.0,1660000.0,2640000.0,3540000.0,4410000.0,5450000.0,8160000.0,10500000.0,10400000.0,10100000.0,11600000.0,12000000.0,13400000.0,15500000.0,17200000.0
ZWE,0.0,0.0,0.0,0.0,0.0,0.0,0.0,0.0,0.0,0.0,0.0,0.0,0.0,0.0,0.0,0.0,0.0,0.0,0.0,0.0,0.0,0.0,0.0,0.0,0.0,0.0,0.0,0.0,0.0,0.0,0.0,0.0,0.0,5730.0,19000.0,174000.0,266000.0,314000.0,339000.0,364000.0,426000.0,647000.0,849000.0,1230000.0,1650000.0,3990000.0,7700000.0,9200000.0,12600000.0,13600000.0,11800000.0,12800000.0,12900000.0,14100000.0,12900000.0,13200000.0
